relpath	size	mtime
BmpOperate.fne	114688	1275273216
BmpOperate.fnr	102400	1275273216
CnCalendar.fne	262144	1288164046
CnCalendar/samples/农历日期查询.e	28284	1210646400
CnCalendar/samples/农历月历框.e	8575	1210646400
CodeStyleEdit.fne	675840	1406696292
CodeStyleEdit/samples/EEditplus.e	232660	1210646400
CodeStyleEdit/samples/config.xml	191	1210646400
CodeStyleEdit/samples/langs.xml	5272	1210646400
CodeStyleEdit/samples/stylers.xml	11228	1210646400
DeelxRegEx.fne	192512	1439000464
EChartBar.fne	245760	1275273218
EChartBar/samples/图表打印.e	3474	1210646402
EDataStructure.fne	114688	1275273218
EInterProcess.fne	122880	1275273218
EInterProcess/samples/写映射文件.e	5272	1210646404
EInterProcess/samples/映射文件.e	9021	1210646406
EInterProcess/samples/管道客户.e	6529	1210646406
EInterProcess/samples/管道服务.e	6887	1210646406
EInterProcess/samples/说明.txt	613	1210646406
EInterProcess/samples/邮槽客户机.e	5379	1210646406
EInterProcess/samples/邮槽服务器.e	4332	1210646406
ELogoPanel.fne	294912	1275273218
ERawSock.fne	94208	1275273218
ERawSock/samples/ARP协议例程.e	9709	1210646406
ERawSock/samples/ICMP协议例程.e	5619	1210646406
ERawSock/samples/原始套接字例程.e	7198	1210646406
ERawSock/samples/说明.txt	1027	1210646406
ESPI11.dll	122880	1275273218
ESSLayer.fne	122880	1275273218
ESpeechEngine.fne	180224	1275273218
EThread.fne	61440	1275273218
EVectorAFrame.fne	847872	1275273218
EXMLParser.fne	90112	1335144798
EdirectX.fne	380928	1275273218
EdirectX/samples/BACK.BMP	308278	1210646402
EdirectX/samples/MIDI测试.e	4584	1206075892
EdirectX/samples/bug1.bmp	15158	1210646402
EdirectX/samples/mosquit1.bmp	15532	1210646402
EdirectX/samples/mosquit2.bmp	15532	1210646402
EdirectX/samples/mosquit3.bmp	15532	1210646404
EdirectX/samples/plane.bmp	12438	1210646404
EdirectX/samples/play.mid	9308	1210646404
EdirectX/samples/全屏模式例程.e	2776	1210646404
EdirectX/samples/声音测试.e	7420	1210646404
EdirectX/samples/控制器.e	34587	1210646404
EdirectX/samples/石头.e	5314	1210646404
EdirectX/samples/窗口模式例程.e	2694	1210646404
EdirectX/samples/精灵.e	8567	1210646404
EdirectX/samples/页面复制例程.e	5720	1210646404
Exmlrpc.fne	94208	1275273218
Exmlrpc/samples/公司职员.edb	588	1210646408
Exmlrpc/samples/客户端.e	10106	1210646408
Exmlrpc/samples/网络数据库中间件.e	9771	1210646408
Exmlrpc/samples/网络数据库中间件.lst	14	1210646408
Exmlrpc/samples/远程客户端.e	9797	1210646408
Exmlrpc/samples/远程客户端linux版.e	5784	1210646408
Exmlrpc/samples/远程服务端.e	13525	1210646408
Exmlrpc/samples/远程服务端linux版.e	7392	1210646408
ExtMenu.fne	217088	1275273218
ExtMenu.fnr	192512	1275273216
ExtMenu/samples/超级菜单演示程序.e	167916	1210646408
ExuiKrnln.fne	3064832	1719008319
ExuiKrnln/.vs/ExuiKrnln/v17/.wsuo	14848	1734206406
ExuiKrnln/.vs/ExuiKrnln/v17/DocumentLayout.json	1782	1734206406
ExuiKrnln/.vs/slnx.sqlite	90112	1734206406
ExuiKrnln/EXUI小工具.exe	3190784	1719008598
ExuiKrnln/EXUI苤馱撿.exe	2650112	1682809848
ExuiKrnln/ExtendEx/CleanExtendEx.dll	3293184	1586941751
ExuiKrnln/ExuiAttrEdit.ini	113	1739259533
ExuiKrnln/ExuiAttributeEditor.dll	11264	1617701755
ExuiKrnln/ExuiAttributeEditor.exe	745472	1671741431
ExuiKrnln/ExuiAttributeEditor.ini	4474884	1719008598
ExuiKrnln/ExuiAttributeEditor_E.dll	753664	1600310365
ExuiKrnln/ExuiAttributeEditor_E.exe	704512	1589771206
ExuiKrnln/ExuiAttributeEditor_E2.dll	2973696	1627030044
ExuiKrnln/ExuiAttributeEditor_exui.exe	5218304	1719008514
ExuiKrnln/ExuiAttributeEditor_web.exe	5218304	1719008514
ExuiKrnln/ExuiEdit/favicon.ico	4286	1631093240
ExuiKrnln/ExuiEdit/images/8.png	217	1631093240
ExuiKrnln/ExuiEdit/images/aBg.png	226	1631093240
ExuiKrnln/ExuiEdit/images/bg.png	243166	1631093240
ExuiKrnln/ExuiEdit/images/btn.png	218	1631093240
ExuiKrnln/ExuiEdit/images/ck.png	491	1631093240
ExuiKrnln/ExuiEdit/images/xxxx.jpg	92557	1631093240
ExuiKrnln/ExuiEdit/index.html	1145	1631093240
ExuiKrnln/ExuiEdit/static/css/app.35fc131c.css	24149	1617702483
ExuiKrnln/ExuiEdit/static/css/app.bc183c02.css	24586	1631093240
ExuiKrnln/ExuiEdit/static/css/app.e507c589.css	15011	1604712101
ExuiKrnln/ExuiEdit/static/css/chunk-vendors.05d293ec.css	277803	1631093240
ExuiKrnln/ExuiEdit/static/css/chunk-vendors.d1545884.css	276525	1617702483
ExuiKrnln/ExuiEdit/static/fonts/element-icons.535877f5.woff	28200	1631093240
ExuiKrnln/ExuiEdit/static/fonts/element-icons.732389de.ttf	55956	1631093240
ExuiKrnln/ExuiEdit/static/js/app.09c44b31.js	139711	1631093240
ExuiKrnln/ExuiEdit/static/js/app.12a7a796.js	136886	1617702483
ExuiKrnln/ExuiEdit/static/js/app.e4d15314.js	128757	1605499403
ExuiKrnln/ExuiEdit/static/js/chunk-vendors.1fb2a7b5.js	2097475	1617702483
ExuiKrnln/ExuiEdit/static/js/chunk-vendors.530839fc.js	1338330	1631093240
ExuiKrnln/ExuiEdit/static/js/chunk-vendors.5fbdec06.js	2084823	1605499403
ExuiKrnln/ExuiEdit2/favicon.ico	4286	1604570148
ExuiKrnln/ExuiEdit2/images/8.png	217	1604570143
ExuiKrnln/ExuiEdit2/images/aBg.png	226	1604570143
ExuiKrnln/ExuiEdit2/images/bg.png	243166	1604570143
ExuiKrnln/ExuiEdit2/images/btn.png	218	1604570143
ExuiKrnln/ExuiEdit2/images/ck.png	491	1604570143
ExuiKrnln/ExuiEdit2/images/xxxx.jpg	92557	1604570143
ExuiKrnln/ExuiEdit2/index.html	1145	1604712102
ExuiKrnln/ExuiEdit2/static/css/app.e507c589.css	15011	1604712101
ExuiKrnln/ExuiEdit2/static/css/chunk-vendors.d1545884.css	276525	1604652190
ExuiKrnln/ExuiEdit2/static/fonts/element-icons.535877f5.woff	28200	1604570143
ExuiKrnln/ExuiEdit2/static/fonts/element-icons.732389de.ttf	55956	1604570143
ExuiKrnln/ExuiEdit2/static/js/app.e4d15314.js	128757	1605499403
ExuiKrnln/ExuiEdit2/static/js/chunk-vendors.5fbdec06.js	2084823	1605499403
ExuiKrnln/ExuiKrnln.dll	1012736	1627030220
ExuiKrnln/ExuiKrnln_Win32.lib	2038272	1719008158
ExuiKrnln/ExuiKrnln_Win64.lib	2561536	1719008235
ExuiKrnln/ExuiPickerColor.dll	1888256	1617703596
ExuiKrnln/ExuiPickerColor.exe	1798144	1617703608
ExuiKrnln/ExuiPlugin.dll	1069056	1700140440
ExuiKrnln/ExuiSwitchVersions.exe	2039808	1623405423
ExuiKrnln/ExuiSwitchVersions1.ini	1580043	1627031161
ExuiKrnln/ExuiSwitchVersions2.ini	2920147	1627031161
ExuiKrnln/ExuiTool.exe	3952640	1719008570
ExuiKrnln/Exui图片选择器.exe	1802240	1627028771
ExuiKrnln/Exui界面编辑器.exe	4616192	1719008553
ExuiKrnln/FormListDataEx/2021年8月11日16时55分8秒.FormListDataEx	9662	1628672346
ExuiKrnln/LocalStorage/file.localstorage	563	1631655338
ExuiKrnln/LocalStorage/https_exuik.com.localstorage	85	1704724002
ExuiKrnln/LocalStorage/https_www.iexui.com.localstorage	118	1700348942
ExuiKrnln/ThemeExEdit.exe	2260992	1617704179
ExuiKrnln/cookies.dat	974	1704724002
ExuiKrnln/miniblink/mb.dll	90624	1698718799
ExuiKrnln/miniblink/mb_x32.dll	1164288	1637126325
ExuiKrnln/miniblink/miniblink_5775_x32.dll	33926144	1713647085
ExuiKrnln/miniblink/node.dll	35473920	1700060743
ExuiKrnln/miniblink/node_x32.dll	34094592	1638687734
ExuiKrnln/miniblink/plugins/D3DCompiler_47.dll	3706048	1435068832
ExuiKrnln/miniblink/plugins/egl/libEGL.dll	145920	1577787093
ExuiKrnln/miniblink/plugins/egl/libGLESv2.dll	4575232	1577787101
ExuiKrnln/miniblink/plugins/ffmpeg/avcodec-57.dll	8334336	1594434666
ExuiKrnln/miniblink/plugins/ffmpeg/avdevice-57.dll	77312	1594434666
ExuiKrnln/miniblink/plugins/ffmpeg/avformat-57.dll	1677312	1594434666
ExuiKrnln/miniblink/plugins/ffmpeg/avutil-55.dll	317952	1594434666
ExuiKrnln/miniblink/plugins/ffmpeg/ffmpeg.dll	3025408	1611768555
ExuiKrnln/miniblink/plugins/ffmpeg/libgcc_s_sjlj-1.dll	103424	1594434666
ExuiKrnln/miniblink/plugins/ffmpeg/swresample-2.dll	101376	1594434666
ExuiKrnln/miniblink/plugins/ffmpeg/swscale-4.dll	384000	1594434666
ExuiKrnln/miniblink/plugins/npswf32-11.5.dll	14586808	1539051934
ExuiKrnln/miniblink/plugins/pdfium.dll	2942464	1548646699
ExuiKrnln/miniblink/plugins/readme.txt	78	1484218471
ExuiKrnln/miniblink/plugins/swiftshader/libEGL.dll	286208	1584680072
ExuiKrnln/miniblink/plugins/swiftshader/libGLESv2.dll	14629376	1591169578
ExuiKrnln/miniblink/vip_miniblink.exe	322496	1621563970
ExuiKrnln/miniblink/wke.h	66854	1587836836
ExuiKrnln/miniblink/wkexe.exe	311232	1622007202
ExuiKrnln/myclour.ini	0	1626410990
ExuiKrnln/res/偌聽.bmp	3192	1634897621
ExuiKrnln/res/分组框.bmp	3192	1634897525
ExuiKrnln/res/列表框.bmp	3192	1634897527
ExuiKrnln/res/动画按钮.bmp	3192	1634897528
ExuiKrnln/res/单选框.bmp	3192	1634897529
ExuiKrnln/res/嗣髡夔偌聽.bmp	3192	1634897533
ExuiKrnln/res/图标列表框.bmp	3192	1634897530
ExuiKrnln/res/图片按钮.bmp	3192	1634897531
ExuiKrnln/res/图片框.bmp	3192	1634897532
ExuiKrnln/res/多功能按钮.bmp	3192	1634897533
ExuiKrnln/res/孺桯郪璃.bmp	3192	1634897536
ExuiKrnln/res/富文本框.bmp	3192	1634897534
ExuiKrnln/res/工具条.bmp	3192	1634897535
ExuiKrnln/res/幗雄沭.bmp	3192	1634897550
ExuiKrnln/res/影像框.bmp	1254	1693634365
ExuiKrnln/res/恁伎啣.bmp	3192	1634897558
ExuiKrnln/res/恁寁標.bmp	3192	1634897557
ExuiKrnln/res/恁寁遺.bmp	3192	1634897557
ExuiKrnln/res/扩展组件.bmp	3192	1634897536
ExuiKrnln/res/按钮.bmp	3192	1634897621
ExuiKrnln/res/攷倛蹈桶遺.bmp	3192	1634897546
ExuiKrnln/res/敦諳.bmp	3192	1634897554
ExuiKrnln/res/日历.bmp	3192	1634897541
ExuiKrnln/res/日历框.bmp	3192	1634897542
ExuiKrnln/res/晤憮遺.bmp	3192	1634897555
ExuiKrnln/res/曲线图.bmp	3192	1634897543
ExuiKrnln/res/柱状图.bmp	3192	1634897544
ExuiKrnln/res/标签.bmp	3192	1634897545
ExuiKrnln/res/树形列表框.bmp	3192	1634897546
ExuiKrnln/res/欲倛芞.bmp	3192	1634897558
ExuiKrnln/res/浏览框.bmp	3192	1634897547
ExuiKrnln/res/滑动按钮.bmp	3192	1634897548
ExuiKrnln/res/滑块条.bmp	3192	1634897549
ExuiKrnln/res/滚动布局框.bmp	2406	1681395627
ExuiKrnln/res/滚动条.bmp	3192	1634897550
ExuiKrnln/res/滤镜.bmp	3192	1634897551
ExuiKrnln/res/烛线图.bmp	3192	1634897552
ExuiKrnln/res/煦郪遺.bmp	3192	1634897525
ExuiKrnln/res/画板.bmp	3192	1634897553
ExuiKrnln/res/窗口.bmp	3192	1634897554
ExuiKrnln/res/等恁遺.bmp	3192	1634897529
ExuiKrnln/res/组合框.bmp	3192	1634897554
ExuiKrnln/res/编辑框.bmp	3192	1634897555
ExuiKrnln/res/羕盄芞.bmp	3192	1634897552
ExuiKrnln/res/翐袨芞.bmp	3192	1634897544
ExuiKrnln/res/芞梓蹈桶遺.bmp	3192	1634897530
ExuiKrnln/res/薦噩.bmp	3192	1634897551
ExuiKrnln/res/蜓恅掛遺.bmp	3192	1634897534
ExuiKrnln/res/詢撰桶跡.bmp	3192	1634897558
ExuiKrnln/res/賑輸沭.bmp	3192	1634897549
ExuiKrnln/res/賑雄偌聽.bmp	3192	1634897548
ExuiKrnln/res/賒啣.bmp	3192	1634897553
ExuiKrnln/res/超级列表框.bmp	3192	1634897555
ExuiKrnln/res/超级按钮.bmp	3192	1634897556
ExuiKrnln/res/蹈桶遺.bmp	3192	1634897527
ExuiKrnln/res/輛僅沭.bmp	3192	1634897556
ExuiKrnln/res/进度条.bmp	3192	1634897556
ExuiKrnln/res/选择夹.bmp	3192	1634897557
ExuiKrnln/res/选择框.bmp	3192	1634897557
ExuiKrnln/res/选色板.bmp	3192	1634897558
ExuiKrnln/res/郪磁遺.bmp	3192	1634897554
ExuiKrnln/res/銡擬遺.bmp	3192	1634897547
ExuiKrnln/res/閉撰偌聽.bmp	3192	1634897556
ExuiKrnln/res/閉撰蹈桶遺.bmp	3192	1634897555
ExuiKrnln/res/雄賒偌聽.bmp	3192	1634897528
ExuiKrnln/res/饼形图.bmp	3192	1634897558
ExuiKrnln/res/馱撿沭.bmp	3192	1634897535
ExuiKrnln/res/高级表格.bmp	3192	1634897558
ExuiKrnln/resources/全部素材/1.png	78	1623922530
ExuiKrnln/resources/全部素材/close_515151.json	863	1631655008
ExuiKrnln/resources/全部素材/close_515151.png	3613	1631654989
ExuiKrnln/resources/全部素材/minus_515151.json	863	1631654846
ExuiKrnln/resources/全部素材/minus_515151.png	1676	1631654776
ExuiKrnln/resources/全部素材/白色底板.png	119	1615339102
ExuiKrnln/skinList/默认所有皮肤/ChoiceboxEx.ex	4832	1558447910
ExuiKrnln/skinList/默认所有皮肤/ComboboxEx.ex	16346	1567159942
ExuiKrnln/skinList/默认所有皮肤/ComboboxExCur.ex	68	1558269790
ExuiKrnln/skinList/默认所有皮肤/Ctrl_Close.ex	1040	1564131292
ExuiKrnln/skinList/默认所有皮肤/Ctrl_Max.ex	1569	1564131306
ExuiKrnln/skinList/默认所有皮肤/Ctrl_Min.ex	866	1564123350
ExuiKrnln/skinList/默认所有皮肤/DownlistEx.ex	11655	1558580798
ExuiKrnln/skinList/默认所有皮肤/EditboxEx.ex	15290	1558580172
ExuiKrnln/skinList/默认所有皮肤/EditboxExCur.ex	44	1558264982
ExuiKrnln/skinList/默认所有皮肤/IcoListBox.ex	8686	1551514678
ExuiKrnln/skinList/默认所有皮肤/ImagebuttonEx.ex	8106	1564123328
ExuiKrnln/skinList/默认所有皮肤/ListboxEx.ex	8830	1549975250
ExuiKrnln/skinList/默认所有皮肤/MenuEX.ex	3831	1558580530
ExuiKrnln/skinList/默认所有皮肤/MinutesboxEx.ex	603	1549953356
ExuiKrnln/skinList/默认所有皮肤/MultifunctionButtonEx.ex	5066	1558595038
ExuiKrnln/skinList/默认所有皮肤/PictureEx.ex	472	1549957348
ExuiKrnln/skinList/默认所有皮肤/Progressbar.ex	974	1549958166
ExuiKrnln/skinList/默认所有皮肤/RadiobuttonEx.ex	4931	1567077036
ExuiKrnln/skinList/默认所有皮肤/ScrollbarEx.ex	5359	1549964246
ExuiKrnln/skinList/默认所有皮肤/SelectthefolderEx.ex	1668	1558507786
ExuiKrnln/skinList/默认所有皮肤/SliderbarEx.ex	2508	1549960832
ExuiKrnln/skinList/默认所有皮肤/SuperListboxEx.ex	12129	1558769452
ExuiKrnln/skinList/默认所有皮肤/SuperListboxExCur.ex	80	1558277726
ExuiKrnln/skinList/默认所有皮肤/SuperbuttonEx.ex	2238	1549957716
ExuiKrnln/skinList/默认所有皮肤/ToolbarEx.ex	3553	1549962434
ExuiKrnln/skinList/默认所有皮肤/TreeListEx.ex	12257	1558782658
ExuiKrnln/skinList/默认所有皮肤/WebBrowserEx.ex	487	1549918924
ExuiKrnln/skinList/默认所有皮肤/WebBrowserExCur.ex	712	1558336366
ExuiKrnln/skinList/默认所有皮肤/WindowButton.ex	3528	1564143338
ExuiKrnln/skinList/默认所有皮肤/button.ex	1143	1549917634
ExuiKrnln/skinList/默认所有皮肤/cookies.dat	579	1558269890
ExuiKrnln/skinList/默认所有皮肤/exlogo.skin	2053	1502808384
ExuiKrnln/skinList/默认所有皮肤/window.ex	833	1550816496
ExuiKrnln/skinList/默认所有皮肤/windowcur.ex	284	1558255402
ExuiKrnln/user.info	394	1737022127
Figures.fne	458752	1275273218
HtmlView.fne	217088	1338611158
HtmlView/samples/易浏览器.e	22207	1210646408
InlineAssembler.fne	3811328	1753601182
Javalib.fne	192512	1275273218
OPenGL.fne	483328	1275273216
OPenGL/samples/3ds文件/一种顶.3DS	44735	1210646440
OPenGL/samples/3ds文件/人山小窗VIZ.3DS	2397	1210646440
OPenGL/samples/3ds文件/品玻窗1.3DS	22376	1210646440
OPenGL/samples/3ds文件/围墙.3DS	4339	1210646440
OPenGL/samples/3ds文件/木椅.3DS	14785	1210646440
OPenGL/samples/3ds文件/木纹.bmp	921654	1210646440
OPenGL/samples/3ds文件/楼顶-小窗.3DS	14666	1210646440
OPenGL/samples/3ds文件/欧式活动罗马大柱2.3ds	99995	1210646442
OPenGL/samples/3ds文件/欧式花瓶小柱3.3ds	32465	1210646442
OPenGL/samples/3ds文件/烟囱.3DS	9029	1210646442
OPenGL/samples/3ds文件/窗-不透明1.3DS	1925	1210646442
OPenGL/samples/3ds文件/窗-不透明2.3DS	2471	1210646442
OPenGL/samples/3ds文件/窗-不透明3.3DS	3017	1210646442
OPenGL/samples/3ds文件/窗-不透明4.3DS	4525	1210646442
OPenGL/samples/3ds文件/窗-不透明5.3DS	3017	1210646442
OPenGL/samples/3ds文件/窗-不透明6.3DS	4109	1210646442
OPenGL/samples/3ds文件/窗-不透明7.3DS	3563	1210646442
OPenGL/samples/3ds文件/红墙.bmp	120054	1210646442
OPenGL/samples/3ds文件/飘窗4.3DS	13515	1210646442
OPenGL/samples/OpenGL支持库及向导使用教程.doc	1298432	1210646434
OPenGL/samples/一维纹理.e	11375	1210646434
OPenGL/samples/交互操作.e	13643	1210646434
OPenGL/samples/位图效果.e	17768	1210646434
OPenGL/samples/例程清单.txt	1766	1210646434
OPenGL/samples/光照效果.e	33288	1210646434
OPenGL/samples/单缓存模式.e	13823	1210646434
OPenGL/samples/双面光.e	15048	1210646434
OPenGL/samples/在各种组件上显示.e	8199	1210646436
OPenGL/samples/坐标变换.e	22634	1210646436
OPenGL/samples/基础建模.e	13633	1210646436
OPenGL/samples/复杂建模.e	11705	1210646436
OPenGL/samples/明暗模式.e	6815	1210646436
OPenGL/samples/显示列表.e	63526	1210646436
OPenGL/samples/模板缓存.e	19938	1210646436
OPenGL/samples/测试用图片/16位.bmp	5056	1210646442
OPenGL/samples/测试用图片/16位翻转.bmp	5056	1210646444
OPenGL/samples/测试用图片/1位.bmp	464	1210646444
OPenGL/samples/测试用图片/1位翻转.bmp	464	1210646444
OPenGL/samples/测试用图片/24位.bmp	7656	1210646444
OPenGL/samples/测试用图片/24位翻转.bmp	7656	1210646444
OPenGL/samples/测试用图片/32位.bmp	10056	1210646444
OPenGL/samples/测试用图片/32位翻转.bmp	10056	1210646444
OPenGL/samples/测试用图片/4位.bmp	1520	1210646444
OPenGL/samples/测试用图片/4位翻转.bmp	1520	1210646444
OPenGL/samples/测试用图片/8位.bmp	2720	1210646444
OPenGL/samples/测试用图片/8位翻转.bmp	2720	1210646444
OPenGL/samples/深度缓存测试.e	14135	1210646436
OPenGL/samples/混合效果.e	14892	1210646436
OPenGL/samples/画曲线和曲面.e	11219	1210646436
OPenGL/samples/矩形裁剪.e	61754	1210646436
OPenGL/samples/立体文字.e	12576	1210646436
OPenGL/samples/第一课练习.e	60807	1210646436
OPenGL/samples/第七课练习.e	62250	1210646438
OPenGL/samples/第三课练习.e	61884	1210646438
OPenGL/samples/第九课练习.e	63761	1210646438
OPenGL/samples/第二课练习.e	61340	1210646438
OPenGL/samples/第五课练习.e	61567	1210646438
OPenGL/samples/第八课练习.e	62260	1210646438
OPenGL/samples/第六课练习.e	64477	1210646438
OPenGL/samples/第十二课练习.e	60968	1210646438
OPenGL/samples/第十课练习.e	303592	1210646438
OPenGL/samples/第四课练习.e	62169	1210646438
OPenGL/samples/索引颜色.e	11162	1210646438
OPenGL/samples/累积缓存操作.e	10902	1210646438
OPenGL/samples/纹理效果.e	22438	1210646438
OPenGL/samples/练习清单.txt	191	1210646438
OPenGL/samples/聚光灯.e	15390	1210646440
OPenGL/samples/读取3DS文件.e	42009	1210646440
OPenGL/samples/转动的五角星.e	11968	1210646440
OPenGL/samples/选择缓存.e	11797	1210646440
OPenGL/samples/金戒指.e	60721	1210646440
OPenGL/samples/雾化效果.e	17138	1210646440
OPenGL/samples/颜色模式.e	14633	1210646440
OgreDll/CEGUIBase.dll	1351680	1210646426
OgreDll/CEGUITaharezLook.dll	372736	1210646428
OgreDll/CEGUIWindowsLook.dll	368640	1210646428
OgreDll/Ogre5eDll.dll	344064	1210646428
OgreDll/OgreGUIRenderer.dll	49152	1210646428
OgreDll/OgreMain.dll	3461120	1210646428
OgreDll/OgrePlatform.dll	360448	1210646428
OgreDll/Plugin_BSPSceneManager.dll	151552	1210646428
OgreDll/Plugin_CgProgramManager.dll	49152	1210646430
OgreDll/Plugin_OctreeSceneManager.dll	200704	1210646430
OgreDll/Plugin_ParticleFX.dll	122880	1210646430
OgreDll/Readme.txt	592	1210646430
OgreDll/RenderSystem_Direct3D7.dll	253952	1210646430
OgreDll/RenderSystem_Direct3D9.dll	966656	1210646430
OgreDll/RenderSystem_GL.dll	479232	1210646430
OgreDll/cg.dll	864256	1210646428
OgreDll/devil.dll	269312	1210646428
OgreDll/ilu.dll	27648	1210646428
OgreDll/ilut.dll	16384	1210646428
OgreDll/stlport_vc646.dll	831488	1210646430
OgreDll/xerces-c_2_5_0.dll	2547712	1210646430
OgreDll/zlib1.dll	55808	1210646430
PhoneCortrol.fne	430080	1275273216
RegEx.fne	221184	1275273216
RegEx.fnr	217088	1275273216
RegEx/samples/readme.txt	923	1210646446
RegEx/samples/正则Linux例程.e	3156	1210646446
RegEx/samples/正则匹配－搜索.e	7327	1210646446
RegEx/samples/正则替换例程.e	7039	1210646446
SqliteDB.fne	344064	1275273216
SqliteDB/SAMPLE/SQL模板.txt	389	1210646448
SqliteDB/SAMPLE/Sqlite数据库测试_linux.e	36424	1210646446
SqliteDB/SAMPLE/Sqlite数据库演示.e	31831	1210646448
SqliteDB/SAMPLE/Sqlite数据库演示.lst	36	1210646448
SqliteDB/SAMPLE/Sqlite管理器.e	430588	1210646448
SqliteDB/SAMPLE/mySQL.txt	456	1210646446
SqliteDB/SAMPLE/“SQLITE数据库支持库”开发指南.doc	87552	1210646448
SqliteDB/SAMPLE/中文数据库.sdb	1388544	1210646448
WNet.fne	147456	1275273216
WNet/samples/局域网操作支持库例程.e	11671	1210646448
btdownload.fne	352256	1275273216
cncnv.fne	245760	1275273216
cnvpe.fne	69632	1275273216
com.run	266240	1275273216
cominf.run	151552	1275273216
commobj.fne	114688	1275273216
commobj/samples/commobj.e	35204	1210646400
console.fne	69632	1275273216
downlib.fne	233472	1336462058
dp1.fne	131072	1275273216
dp1/samples/保证文件不被更改.e	6857	1210646400
dp1/samples/数字签名钥匙测试.e	5028	1210646400
e2ee.config	38	1777902590
e2ee.fne	10581504	1615655587
eAPI.fne	315392	1338457594
eCalc.fne	163840	1335249084
eCompress.fne	172032	1558674892
eDB.fne	225280	1341887924
eDB/samples/db1.mdb	1105920	1210646402
eDB/samples/readme.txt	1044	1210646402
eDB/samples/数据库操作方法.e	22980	1210646402
eDB/samples/球员数据库.mdb	143360	1210646402
eDB/samples/球员管理.e	21184	1210646402
eDB/samples/球员管理.lst	16	1210646402
eExcel2000.fne	241664	1289209962
eGrid.fne	413696	1398438938
eGrid/samples/高级表格.e	61805	1210646404
eGrid/samples/高级表格_单元格组件.e	9127	1595534516
eGrid/samples/高级表格_存到字节集.e	3356	1595551140
eGrid/samples/高级表格_瀑布流式加载.e	4959	1595711480
eGrid/samples/高级表格_表头设计器.e	3400	1595690424
eGrid/samples/高级表格升级.png	105704	1595375290
eGrid/samples/高级表格升级记录.txt	2219	1595712180
eImgConverter.fne	610304	1275273218
eImgConverter/samples/图像格式转换.e	5647	1210646404
eMMedia.fne	290816	1275273218
eNetIntercept.fne	180224	1275273218
eOALib.fne	2846810	1275273218
eOALib/samples/办公组件例程.e	27613	1210646406
ePPT2000.fne	266240	1275273218
eTools.fne	133120	1684546694
eTools/Ciku.exe	630272	1652686960
eTools/Class/ApiHook类.e	13466	1592440774
eTools/Class/Json类.e	24897	1655253460
eTools/Class/【必看】说明与修改提示.txt	410	1592440774
eTools/Class/正则类.e	9016	1592440774
eTools/Class/脚本类.e	10000	1592440774
eTools/Cmd/EDITBIN.EXE	20368	1592440792
eTools/Cmd/link.exe	1412000	1592440792
eTools/Cmd/upx.exe	290304	1592440792
eTools/Cmd/upx303.exe	271872	1592440792
eTools/Cmd/upx309.exe	295936	1592440792
eTools/Cmd/处理易程序.exe	61440	1592440792
eTools/Cmd/枚举导入表.exe	13824	1592440792
eTools/Data/Api.Cache	151606	1739190881
eTools/Data/Cl.Cache	1439943	1739190884
eTools/Data/Config.ini	3934	1776166656
eTools/Data/DataType.Cache	8699	1739190884
eTools/Data/Fun.Cache	22645	1739190884
eTools/Data/Plugin.ini	11852	1739106465
eTools/Data/Plugin/Basic.ini	1703	1739106450
eTools/Data/Plugin/代码框扩展.ini	56	1739105772
eTools/Data/Plugin/屏蔽提示.ini	65	1739185691
eTools/Data/Plugin/智能变量.ini	98	1773641087
eTools/Data/SDK.keys	32	1657873902
eTools/Data/ToDelete.txt	548	1682128326
eTools/Data/Update.log	16613	1684552586
eTools/Data/category_id.db	0	1739185184
eTools/Data/ciku.db	16166912	1739190870
eTools/Data/ecList.db	16384	1739185450
eTools/Data/etoolsicon.ico	16958	1739105744
eTools/Data/lib2.db	4083712	1745107933
eTools/Data/pluginVideo.json	2228	1596027170
eTools/FneTool.exe	704512	1683357728
eTools/JYBugReport.exe	466944	1680056612
eTools/Plugin/Anglicized.dll	68096	1668585532
eTools/Plugin/AutoFilledParam.dll	57344	1652687016
eTools/Plugin/AutoSaveBack.dll	142848	1668156230
eTools/Plugin/Basic.dll	367616	1684547144
eTools/Plugin/BasicEx.dll	73728	1681960614
eTools/Plugin/CodeView.dll	798720	1652687018
eTools/Plugin/DIYcolor.dll	122880	1681960606
eTools/Plugin/DIYcomponent.dll	442880	1661583462
eTools/Plugin/DIYcomponent/Data/预设资源-基础组件/列表框1 - 浅凹式.zj	1333	1658304970
eTools/Plugin/DIYcomponent/Data/预设资源-基础组件/图片框1 - 单线边框 - 60.zj	1269	1658304970
eTools/Plugin/DIYcomponent/Data/预设资源-基础组件/日期框1 - 浅凹式.zj	1289	1658304970
eTools/Plugin/DIYcomponent/Data/预设资源-基础组件/月历1.zj	1339	1658304970
eTools/Plugin/DIYcomponent/Data/预设资源-基础组件/横向滚动条1.zj	1241	1658304970
eTools/Plugin/DIYcomponent/Data/预设资源-基础组件/目录框1 - 浅凹式.zj	1253	1658304970
eTools/Plugin/DIYcomponent/Data/预设资源-基础组件/纵向滚动条1.zj	1241	1658304970
eTools/Plugin/DIYcomponent/Data/预设资源-基础组件/组合框1.zj	1329	1658304970
eTools/Plugin/DIYcomponent/Data/预设资源-基础组件/编辑框1 - 浅凹式 - 密码.zj	1319	1658304970
eTools/Plugin/DIYcomponent/Data/预设资源-基础组件/编辑框1 - 浅凹式.zj	1319	1658304970
eTools/Plugin/DIYcomponent/Data/预设资源-基础组件/进度条1 - 连续.zj	1265	1658304970
eTools/Plugin/DIYcomponent/Data/预设资源-基础组件/选择框1 - 按钮形式.zj	1299	1658304970
eTools/Plugin/DIYcomponent/Data/预设资源-基础组件/预设资源-基础组件.data	114200	1658304970
eTools/Plugin/DIYcomponent/Data/预设资源-扩展组件/树型框1 - 浅凹式.zj	1408	1658304982
eTools/Plugin/DIYcomponent/Data/预设资源-扩展组件/状态条1.zj	1373	1658304982
eTools/Plugin/DIYcomponent/Data/预设资源-扩展组件/超级列表框1 - 浅凹式 - 报表列表.zj	1435	1658304982
eTools/Plugin/DIYcomponent/Data/预设资源-扩展组件/超级编辑框1 - 浅凹式.zj	1360	1658304982
eTools/Plugin/DIYcomponent/Data/预设资源-扩展组件/预设资源-扩展组件.data	85688	1658304982
eTools/Plugin/DIYcomponent/Data/预设资源-扩展组件/高级表格1 - 浅凹式.zj	1437	1658304982
eTools/Plugin/DIYcomponent/Data/预设资源-扩展组件/高级选择夹1.zj	1318	1658304982
eTools/Plugin/DIYcomponent/Data/预设资源-窗口相关/关于_窗口1.zj	3766	1658304956
eTools/Plugin/DIYcomponent/Data/预设资源-窗口相关/启动_精美启动加载.zj	13872	1658304956
eTools/Plugin/DIYcomponent/Data/预设资源-窗口相关/更新_软件更新升级.zj	29582	1658304956
eTools/Plugin/DIYcomponent/Data/预设资源-窗口相关/更新_软件更新窗口.zj	167690	1658304956
eTools/Plugin/DIYcomponent/Data/预设资源-窗口相关/注册_窗口1.zj	43364	1658304956
eTools/Plugin/DIYcomponent/Data/预设资源-窗口相关/登陆_仿自绘登陆_黑色.zj	93752	1661581878
eTools/Plugin/DIYcomponent/Data/预设资源-窗口相关/登陆_界面1.zj	103338	1658304956
eTools/Plugin/DIYcomponent/Data/预设资源-窗口相关/登陆_窗口1.zj	63965	1658304956
eTools/Plugin/DIYcomponent/Data/预设资源-窗口相关/登陆_简单登陆界面.zj	21592	1658304956
eTools/Plugin/DIYcomponent/Data/预设资源-窗口相关/登陆_验证窗口_白.zj	40325	1658304956
eTools/Plugin/DIYcomponent/Data/预设资源-窗口相关/登陆_验证窗口_黑色.zj	6350	1658304956
eTools/Plugin/DIYcomponent/Data/预设资源-窗口相关/预设资源-窗口相关.data	38168	1658304956
eTools/Plugin/DIYcomponent/Data/预设资源-窗口相关/预设资源.data	76184	1658304956
eTools/Plugin/DIYcomponent/Data/预设资源-窗口相关/验证_网络验证.zj	222901	1658304956
eTools/Plugin/E2EE自动添加订阅函数.dll	23040	1652687016
eTools/Plugin/EcGuard.dll	1142784	1652687018
eTools/Plugin/EditEx.dll	70144	1683357992
eTools/Plugin/Fix.dll	108032	1683686012
eTools/Plugin/IntelligentCompile.dll	60928	1659684266
eTools/Plugin/IntelligentVariable.dll	49152	1683686646
eTools/Plugin/Kernel.dll	94208	1609815528
eTools/Plugin/QuickInput.dll	35840	1652687018
eTools/Plugin/ShieldingPrompt.dll	34304	1683699606
eTools/Plugin/SoundBoom.dll	692736	1652687016
eTools/Plugin/Toolbox.dll	241152	1652687018
eTools/Plugin/书签管理增强.dll	126464	1684400452
eTools/Plugin/健康编程提醒助手.dll	141824	1652687018
eTools/Plugin/关联函数自动添加插件.dll	151552	1652687018
eTools/Plugin/命令提示框多屏修正插件.dll	36864	1684485980
eTools/Plugin/定位工具插件.dll	161792	1684464860
eTools/Plugin/对话框增强.dll	8192	1652687016
eTools/Plugin/彩虹流程线.dll	50176	1681798512
eTools/Plugin/批量插入资源.dll	78336	1652687016
eTools/Plugin/拖放增强.dll	35840	1683698994
eTools/Plugin/提示输出扩展.dll	794624	1652687018
eTools/Plugin/提示输出扩展/filter.txt	0	1739105861
eTools/Plugin/搜索增强插件.dll	126976	1682470332
eTools/Plugin/支持库安装管理扩展插件.dll	192512	1652687016
eTools/Plugin/整体搜索替换.dll	618496	1652687018
eTools/Plugin/新建增强插件.dll	287744	1684394056
eTools/Plugin/易代码行号插件.dll	46592	1683180596
eTools/Plugin/易文件关联插件.dll	872448	1652687018
eTools/Plugin/易背景设置插件.dll	548864	1652687018
eTools/Plugin/更新模块引用.dll	245760	1652687018
eTools/Plugin/标准工具条扩展插件.dll	34816	1683773116
eTools/Plugin/程序信息设置.dll	606208	1652687018
eTools/Plugin/程序数据树形框扩展插件.dll	692224	1652687018
eTools/Plugin/颜色选择扩展.dll	154112	1652687018
eTools/Plugin/鼠标手势指令插件.dll	15360	1652687016
eTools/Set.exe	539136	1679984912
eTools/Set/Anglicized.json	1974	1652687000
eTools/Set/AsyncCompile.json	505	1652687000
eTools/Set/AutoSaveBack.json	5759	1668155450
eTools/Set/Basic.json	19218	1680506818
eTools/Set/CodeView.json	3543	1652687000
eTools/Set/DIYcomponent.json	1500	1652687000
eTools/Set/EcGuard.json	969	1652687000
eTools/Set/EditEx.json	7533	1681108818
eTools/Set/Fix.json	2240	1683686404
eTools/Set/IntelligentCompile.json	8531	1659682306
eTools/Set/IntelligentVariable.json	1126	1652687000
eTools/Set/PluginList.htm	22367	1679984704
eTools/Set/QuickInput.json	1457	1652687000
eTools/Set/ShieldingPrompt.json	1717	1652687000
eTools/Set/about.json	4270	1652687000
eTools/Set/common.css	4152	1652687000
eTools/Set/css/common.css	2103	1588148850
eTools/Set/css/index.css	1181	1588148850
eTools/Set/index.htm	6167	1652687000
eTools/Set/js/jquery.js	92629	1595923492
eTools/Set/js/js.js	15665	1667808650
eTools/Set/layui/css/layui.css	89268	1679984730
eTools/Set/layui/css/layui.mobile.css	9885	1588148850
eTools/Set/layui/css/modules/code.css	1063	1588148850
eTools/Set/layui/css/modules/laydate/default/laydate.css	7537	1588148850
eTools/Set/layui/css/modules/layer/default/icon-ext.png	5911	1588148850
eTools/Set/layui/css/modules/layer/default/icon.png	11493	1588148850
eTools/Set/layui/css/modules/layer/default/layer.css	14425	1588148850
eTools/Set/layui/css/modules/layer/default/loading-0.gif	5793	1588148850
eTools/Set/layui/css/modules/layer/default/loading-1.gif	701	1588148850
eTools/Set/layui/css/modules/layer/default/loading-2.gif	1787	1588148850
eTools/Set/layui/font/iconfont.eot	40844	1588148850
eTools/Set/layui/font/iconfont.svg	280473	1588148850
eTools/Set/layui/font/iconfont.ttf	40668	1588148850
eTools/Set/layui/font/iconfont.woff	26744	1588148850
eTools/Set/layui/lay/modules/carousel.js	3839	1588148850
eTools/Set/layui/lay/modules/code.js	1177	1588148850
eTools/Set/layui/lay/modules/colorpicker.js	11738	1595923510
eTools/Set/layui/lay/modules/element.js	7264	1588148850
eTools/Set/layui/lay/modules/flow.js	2014	1588148850
eTools/Set/layui/lay/modules/form.js	9177	1588148850
eTools/Set/layui/lay/modules/jquery.js	97648	1588148852
eTools/Set/layui/lay/modules/laydate.js	27377	1588148852
eTools/Set/layui/lay/modules/layedit.js	12635	1588148852
eTools/Set/layui/lay/modules/layer.js	22041	1588148852
eTools/Set/layui/lay/modules/laypage.js	4472	1588148852
eTools/Set/layui/lay/modules/laytpl.js	1836	1588148852
eTools/Set/layui/lay/modules/mobile.js	33822	1588148852
eTools/Set/layui/lay/modules/rate.js	2753	1588148852
eTools/Set/layui/lay/modules/slider.js	7049	1588148852
eTools/Set/layui/lay/modules/table.js	30958	1588148852
eTools/Set/layui/lay/modules/tree.js	3060	1588148852
eTools/Set/layui/lay/modules/upload.js	6971	1588148852
eTools/Set/layui/lay/modules/util.js	3458	1588148852
eTools/Set/layui/layui.all.js	261194	1588148850
eTools/Set/layui/layui.js	6667	1588148850
eTools/Set/lexicon.json	626	1652687000
eTools/Set/plugin.json	1332	1657873358
eTools/Set/temp/Basic.htm	14394	1739106183
eTools/Set/temp/PluginList.htm	22367	1679984704
eTools/Set/temp/plugin.htm	2098	1739106180
eTools/Set/temp/up.htm	1835	1739105754
eTools/Set/up.json	1210	1684547060
eTools/Set/书签管理增强.json	575	1652687000
eTools/Set/健康编程提醒助手.json	1010	1652687000
eTools/Set/命令提示框多屏修正插件.json	1074	1652687000
eTools/Set/定位工具插件.json	999	1684397376
eTools/Set/彩虹流程线.json	2117	1681799782
eTools/Set/批量插入资源.json	422	1652687000
eTools/Set/提示输出扩展.json	7473	1652687000
eTools/Set/易代码行号插件.json	903	1652687000
eTools/Set/易背景设置插件.json	1132	1652687000
eTools/Set/更新模块引用.json	2100	1652687000
eTools/Set/程序调试扩展插件.json	1752	1652687000
eTools/Set/鼠标手势指令插件.json	6327	1652687000
eTools/SetData.exe	1179648	1652686960
eTools/Template/【必看】说明与修改提示.txt	394	1592440764
eTools/Template/启动子程序-窗口程序.e	2599	1592440764
eTools/Template/易语言助手插件.e	1065984	1658104448
eTools/ViewEcInfo.exe	1890816	1652686962
eTools/ViewFneInfo.exe	778240	1652686960
eTools/debug.log	0	1745221494
eTools/linklib/eFrame.dll	196096	1588148828
eTools/linklib/gzip.dll	30208	1588148828
eTools/linklib/msvcp110.dll	535008	1588148828
eTools/linklib/msvcr110.dll	875472	1588148828
eTools/linklib/node.dll	23470080	1596167858
eTools/linklib/sqlite3_2401.dll	1199616	1596157756
eTools/linklib/sqlite3_3.8.7.2.dll	665719	1596113180
eTools/uninstall.exe	317440	1652686960
eTools/up.exe	486912	1681789168
eTools/函数关联管理器.exe	474112	1652686960
eTools/错误解决向导.exe	632320	1679985508
eWord2000.fne	233472	1275273218
eapi/samples/应用接口支持库例程.e	79498	1210646400
edroptarget.fne	159744	1275273218
edroptarget/samples/拖放文件.e	4574	1210646404
emmedia/samples/Midi音乐制作.e	12344	1210646406
emmedia/samples/媒体播放器.e	17742	1210646406
emmedia/samples/录音.e	10396	1210646406
emmedia/samples/音量控制.E	42290	1210646406
encrypt.fne	499712	1751808133
esqlite31.fne	1085519	1575279685
ewizard.fne	131072	1275273218
iDraw.fne	215552	1727953526
iDraw/BeaEngine.dll	302592	1642072073
iDraw/CeTools.dll	632832	1626176522
iDraw/GetEcListData.dll	204800	1645269236
iDraw/Set.exe	579072	1677050134
iDraw/Set/Anglicized.json	1974	1623901707
iDraw/Set/Basic.json	19142	1623901708
iDraw/Set/CodeView.json	2975	1623901708
iDraw/Set/EditEx.json	4032	1623901708
iDraw/Set/IntelligentCompile.json	5052	1625025697
iDraw/Set/IntelligentVariable.json	1126	1623901709
iDraw/Set/PluginList.htm	13511	1625106842
iDraw/Set/QuickInput.json	1457	1623901710
iDraw/Set/about.json	18414	1698562571
iDraw/Set/common.css	4152	1623901708
iDraw/Set/css/common.css	2103	1623901711
iDraw/Set/css/index.css	1181	1623901712
iDraw/Set/index.htm	9346	1698562677
iDraw/Set/innerPluginSetting.json	30706	1651566768
iDraw/Set/js/jquery.js	92629	1623901712
iDraw/Set/js/js.js	14625	1623901712
iDraw/Set/layui/css/layui.css	69523	1623901713
iDraw/Set/layui/css/layui.mobile.css	9885	1623901713
iDraw/Set/layui/css/modules/code.css	1063	1623901713
iDraw/Set/layui/css/modules/laydate/default/laydate.css	7537	1623901714
iDraw/Set/layui/css/modules/layer/default/icon-ext.png	5911	1623901714
iDraw/Set/layui/css/modules/layer/default/icon.png	11493	1623901714
iDraw/Set/layui/css/modules/layer/default/layer.css	14425	1623901715
iDraw/Set/layui/css/modules/layer/default/loading-0.gif	5793	1623901715
iDraw/Set/layui/css/modules/layer/default/loading-1.gif	701	1623901715
iDraw/Set/layui/css/modules/layer/default/loading-2.gif	1787	1623901715
iDraw/Set/layui/font/iconfont.eot	40844	1623901715
iDraw/Set/layui/font/iconfont.svg	280473	1623901716
iDraw/Set/layui/font/iconfont.ttf	40668	1623901716
iDraw/Set/layui/font/iconfont.woff	26744	1623901716
iDraw/Set/layui/lay/modules/carousel.js	3839	1623901717
iDraw/Set/layui/lay/modules/code.js	1177	1623901717
iDraw/Set/layui/lay/modules/colorpicker.js	11738	1623901717
iDraw/Set/layui/lay/modules/element.js	7264	1623901717
iDraw/Set/layui/lay/modules/flow.js	2014	1623901717
iDraw/Set/layui/lay/modules/form.js	9177	1623901717
iDraw/Set/layui/lay/modules/jquery.js	97648	1623901718
iDraw/Set/layui/lay/modules/laydate.js	27377	1623901718
iDraw/Set/layui/lay/modules/layedit.js	12635	1623901718
iDraw/Set/layui/lay/modules/layer.js	22041	1623901718
iDraw/Set/layui/lay/modules/laypage.js	4472	1623901718
iDraw/Set/layui/lay/modules/laytpl.js	1836	1623901719
iDraw/Set/layui/lay/modules/mobile.js	33822	1623901719
iDraw/Set/layui/lay/modules/rate.js	2753	1623901719
iDraw/Set/layui/lay/modules/slider.js	7049	1623901719
iDraw/Set/layui/lay/modules/table.js	30958	1623901719
iDraw/Set/layui/lay/modules/tree.js	3060	1623901720
iDraw/Set/layui/lay/modules/upload.js	6971	1623901720
iDraw/Set/layui/lay/modules/util.js	3458	1623901720
iDraw/Set/layui/layui.all.js	261194	1623901713
iDraw/Set/layui/layui.js	6667	1623901713
iDraw/Set/newconf.htm	2914	1698563165
iDraw/Set/temp/Basic.htm	13390	1777127053
iDraw/Set/temp/PluginList.htm	13511	1625106842
iDraw/Set/temp/about.htm	17819	1777127044
iDraw/Set/temp/innerPluginSetting.htm	22181	1777127053
iDraw/Set/一键加入读写方法.json	418	1623901710
iDraw/Set/命令提示框多屏修正插件.json	1074	1623901710
iDraw/Set/彩虹流程线.json	2117	1681863170
iDraw/Set/批量插入资源.json	422	1623901711
iDraw/Set/提示扩展.json	4704	1651645441
iDraw/Set/更新模块引用.json	2100	1623901711
iDraw/Update.log	4939	1698562554
iDraw/data/ComboboxLocation.ires	1219	1622797521
iDraw/data/ComboboxLocation_White.ires	1177	1622797525
iDraw/data/DefaultTheme.ini	2934	1635147588
iDraw/data/MenuItem.ires	855	1623294975
iDraw/data/MenuItem_White.ires	765	1623294966
iDraw/data/ToolBar.ires	15111	1622797489
iDraw/data/ToolBar_White.ires	15213	1625795049
iDraw/data/TopState.ires	619	1623123740
iDraw/data/TopState_White.ires	637	1623123746
iDraw/data/TreeControl.ires	5871	1622797515
iDraw/data/TreeExpand.ires	399	1622797529
iDraw/data/TreeFnd.ires	5654	1632823665
iDraw/data/TreeFne.ires	5654	1622797507
iDraw/data/TreeFne_White.ires	5654	1622797510
iDraw/data/TreeProgram.ires	5286	1623986795
iDraw/data/TreeProgram_White.ires	6054	1623986801
iDraw/data/VS2019Theme.ini	3016	1635145938
iDraw/data/WhiteTheme.ini	3175	1635155873
iDraw/data/config.ini	1698	1789993427
iDraw/data/etoolsicon.ico	16958	1777126932
iDraw/data/icon.ires	3982	1623290967
iDraw/data/msctls_updown32_lr.ires	359	1625795019
iDraw/data/msctls_updown32_tb.ires	411	1625795025
iDraw/data/主题对应配色文件名.ini	2934	1635147588
iDraw/data/配色切换说明.txt	571	1623901658
iDraw/eTools/Ciku.exe	619520	1697245758
iDraw/eTools/Class/ApiHook类.e	13466	1623901661
iDraw/eTools/Class/Json类.e	21812	1623901661
iDraw/eTools/Class/【必看】说明与修改提示.txt	410	1623901661
iDraw/eTools/Class/正则类.e	9016	1623901661
iDraw/eTools/Class/脚本类.e	10000	1623901661
iDraw/eTools/Cmd/EDITBIN.EXE	20368	1623901662
iDraw/eTools/Cmd/link.exe	1412000	1623901662
iDraw/eTools/Cmd/upx.exe	290304	1623901663
iDraw/eTools/Cmd/处理易程序.exe	61440	1623901663
iDraw/eTools/Cmd/枚举导入表.exe	13824	1623901663
iDraw/eTools/Data/Api.Cache	151606	1753858393
iDraw/eTools/Data/Cl.Cache	1439945	1753858396
iDraw/eTools/Data/Config.ini	4577	1789904732
iDraw/eTools/Data/DataType.Cache	8699	1753858396
iDraw/eTools/Data/Fun.Cache	22662	1753858396
iDraw/eTools/Data/Notes/总分类.ini	99	1743147433
iDraw/eTools/Data/Plugin.ini	7610	1777127033
iDraw/eTools/Data/Plugin/Basic.ini	1565	1754453096
iDraw/eTools/Data/Plugin/代码框扩展.ini	589	1746099342
iDraw/eTools/Data/Plugin/代码视图.ini	248	1753859180
iDraw/eTools/Data/Plugin/快捷输入.ini	37	1740400249
iDraw/eTools/Data/Plugin/提示框增强.ini	22	1773751574
iDraw/eTools/Data/Plugin/智能变量.ini	98	1789993434
iDraw/eTools/Data/category_id.db	108544	1769511557
iDraw/eTools/Data/ciku.db	16166912	1753858384
iDraw/eTools/Data/ecList.db	24576	1789959115
iDraw/eTools/Data/lib2.db	5371904	1773641034
iDraw/eTools/FneTool.exe	704512	1678161325
iDraw/eTools/Plugin/Anglicized.dll	176128	1619787580
iDraw/eTools/Plugin/AutoFilledParam.dll	49152	1619787493
iDraw/eTools/Plugin/AutoSaveBack.dll	33280	1624937842
iDraw/eTools/Plugin/Basic.dll	342528	1697270018
iDraw/eTools/Plugin/BasicEx.dll	71168	1697270017
iDraw/eTools/Plugin/CodeView.dll	165888	1625650645
iDraw/eTools/Plugin/CodeView/0.ico	1150	1753859178
iDraw/eTools/Plugin/CodeView/1.ico	1150	1753859178
iDraw/eTools/Plugin/CodeView/10.ico	1150	1753859178
iDraw/eTools/Plugin/CodeView/11.ico	1150	1753859178
iDraw/eTools/Plugin/CodeView/12.ico	1150	1753859178
iDraw/eTools/Plugin/CodeView/13.ico	1150	1753859178
iDraw/eTools/Plugin/CodeView/14.ico	1150	1753859178
iDraw/eTools/Plugin/CodeView/15.ico	1150	1753859178
iDraw/eTools/Plugin/CodeView/16.ico	1150	1753859178
iDraw/eTools/Plugin/CodeView/17.ico	1150	1753859178
iDraw/eTools/Plugin/CodeView/18.ico	1150	1753859178
iDraw/eTools/Plugin/CodeView/19.ico	1150	1753859178
iDraw/eTools/Plugin/CodeView/2.ico	1150	1753859178
iDraw/eTools/Plugin/CodeView/20.ico	1150	1753859178
iDraw/eTools/Plugin/CodeView/21.ico	1150	1753859178
iDraw/eTools/Plugin/CodeView/22.ico	1150	1753859178
iDraw/eTools/Plugin/CodeView/23.ico	1150	1753859178
iDraw/eTools/Plugin/CodeView/24.ico	1150	1753859178
iDraw/eTools/Plugin/CodeView/25.ico	1150	1753859178
iDraw/eTools/Plugin/CodeView/26.ico	1150	1753859178
iDraw/eTools/Plugin/CodeView/27.ico	1150	1753859178
iDraw/eTools/Plugin/CodeView/28.ico	1150	1753859178
iDraw/eTools/Plugin/CodeView/29.ico	1150	1753859178
iDraw/eTools/Plugin/CodeView/3.ico	1150	1753859178
iDraw/eTools/Plugin/CodeView/30.ico	1150	1753859178
iDraw/eTools/Plugin/CodeView/31.ico	1150	1753859178
iDraw/eTools/Plugin/CodeView/32.ico	1150	1753859178
iDraw/eTools/Plugin/CodeView/33.ico	1150	1753859178
iDraw/eTools/Plugin/CodeView/34.ico	1150	1753859178
iDraw/eTools/Plugin/CodeView/35.ico	1150	1753859178
iDraw/eTools/Plugin/CodeView/36.ico	1150	1753859178
iDraw/eTools/Plugin/CodeView/37.ico	1150	1753859178
iDraw/eTools/Plugin/CodeView/38.ico	1150	1753859178
iDraw/eTools/Plugin/CodeView/39.ico	1150	1753859178
iDraw/eTools/Plugin/CodeView/4.ico	1150	1753859178
iDraw/eTools/Plugin/CodeView/40.ico	1150	1753859178
iDraw/eTools/Plugin/CodeView/41.ico	1150	1753859178
iDraw/eTools/Plugin/CodeView/42.ico	1150	1753859178
iDraw/eTools/Plugin/CodeView/43.ico	1150	1753859178
iDraw/eTools/Plugin/CodeView/44.ico	1150	1753859178
iDraw/eTools/Plugin/CodeView/45.ico	1150	1753859178
iDraw/eTools/Plugin/CodeView/46.ico	1150	1753859178
iDraw/eTools/Plugin/CodeView/47.ico	1150	1753859178
iDraw/eTools/Plugin/CodeView/48.ico	1150	1753859178
iDraw/eTools/Plugin/CodeView/49.ico	1150	1753859178
iDraw/eTools/Plugin/CodeView/5.ico	1150	1753859178
iDraw/eTools/Plugin/CodeView/50.ico	1150	1753859178
iDraw/eTools/Plugin/CodeView/51.ico	1150	1753859178
iDraw/eTools/Plugin/CodeView/6.ico	1150	1753859178
iDraw/eTools/Plugin/CodeView/7.ico	1150	1753859178
iDraw/eTools/Plugin/CodeView/8.ico	1150	1753859178
iDraw/eTools/Plugin/CodeView/9.ico	1150	1753859178
iDraw/eTools/Plugin/DIYcolor.dll	647168	1634798441
iDraw/eTools/Plugin/DIYcomponent.dll	2641920	1641366841
iDraw/eTools/Plugin/DIYcomponent/Data/常用组件/常用组件.data	19160	1739185789
iDraw/eTools/Plugin/DIYcomponent/Data/预设资源/仿自绘登录.zj	93717	1739185789
iDraw/eTools/Plugin/DIYcomponent/Data/预设资源/仿自绘登录窗口.zj	97659	1739185789
iDraw/eTools/Plugin/DIYcomponent/Data/预设资源/关于窗口.zj	3762	1739185789
iDraw/eTools/Plugin/DIYcomponent/Data/预设资源/注册窗口.zj	43364	1739185789
iDraw/eTools/Plugin/DIYcomponent/Data/预设资源/登录界面.zj	103330	1739185789
iDraw/eTools/Plugin/DIYcomponent/Data/预设资源/登录窗口.zj	63965	1739185789
iDraw/eTools/Plugin/DIYcomponent/Data/预设资源/登录验证窗口.zj	6350	1739185789
iDraw/eTools/Plugin/DIYcomponent/Data/预设资源/简单登录界面.zj	21592	1739185789
iDraw/eTools/Plugin/DIYcomponent/Data/预设资源/精美启动加载.zj	13873	1739185789
iDraw/eTools/Plugin/DIYcomponent/Data/预设资源/网络验证.zj	222852	1739185789
iDraw/eTools/Plugin/DIYcomponent/Data/预设资源/软件更新升级.zj	29582	1739185789
iDraw/eTools/Plugin/DIYcomponent/Data/预设资源/软件更新窗口.zj	167689	1739185789
iDraw/eTools/Plugin/DIYcomponent/Data/预设资源/预设资源.data	57176	1739185789
iDraw/eTools/Plugin/DIYcomponent/Data/预设资源/验证窗口.zj	40307	1739185789
iDraw/eTools/Plugin/E2EE自动添加订阅函数.dll	73728	1622620341
iDraw/eTools/Plugin/EditEx.dll	176128	1619787413
iDraw/eTools/Plugin/IntelligentCompile.dll	32768	1624937840
iDraw/eTools/Plugin/IntelligentVariable.dll	94208	1624933011
iDraw/eTools/Plugin/Kernel.dll	94208	1626176805
iDraw/eTools/Plugin/QuickInput.dll	233472	1619617562
iDraw/eTools/Plugin/一键加入读写方法.dll	245760	1634798436
iDraw/eTools/Plugin/关联函数自动添加插件.dll	96256	1653031003
iDraw/eTools/Plugin/命令提示框多屏修正插件.dll	143360	1634178136
iDraw/eTools/Plugin/对话框增强.dll	73216	1619619416
iDraw/eTools/Plugin/彩虹流程线.dll	50176	1681863132
iDraw/eTools/Plugin/批量插入资源.dll	499200	1619619621
iDraw/eTools/Plugin/提示扩展.dll	630784	1640941712
iDraw/eTools/Plugin/提示扩展/filter.txt	0	1739185802
iDraw/eTools/Plugin/搜索增强插件.dll	733184	1640858342
iDraw/eTools/Plugin/支持库安装管理扩展插件.dll	196608	1632535676
iDraw/eTools/Plugin/整体搜索替换.dll	1216512	1640590999
iDraw/eTools/Plugin/新建增强插件.dll	263680	1698202086
iDraw/eTools/Plugin/新建增强插件/Data/History.txt	18617	1789990477
iDraw/eTools/Plugin/更新模块引用.dll	249856	1622620369
iDraw/eTools/Template/【必看】说明与修改提示.txt	394	1623901706
iDraw/eTools/Template/启动子程序-窗口程序.e	2599	1623901707
iDraw/eTools/ViewEcInfo.exe	1890816	1678161327
iDraw/eTools/ViewFneInfo.exe	747520	1678161328
iDraw/eTools/backup/1/1_2025-05-22 21.23.39.e	4833	1698814670
iDraw/eTools/backup/1/1_2025-07-12 13.19.19.e	28583	1752297439
iDraw/eTools/backup/1/1_2026-05-29 23.15.29.e	0	1780067618
iDraw/eTools/backup/1/1_2026-05-29 23.24.e	978837	1780067997
iDraw/eTools/backup/1/1_2026-06-02 16.50.47.e	0	1780390165
iDraw/eTools/backup/115/115_2025-08-05 20.18.51.e	14073951	1754396276
iDraw/eTools/backup/115/115_2025-08-05 20.20.39.e	14208215	1754396437
iDraw/eTools/backup/1_11111111111111+(1)(1)/1_11111111111111+(1)(1)_2025-05-01 19.24.e	2636741	1746098354
iDraw/eTools/backup/ADODB源码及例子/ADODB源码及例子_2025-10-18 22.16.07.e	55733	1760796850
iDraw/eTools/backup/ADODB源码及例子/ADODB源码及例子_2025-10-18 22.25.38.e	55726	1760796745
iDraw/eTools/backup/AILI·LIFE/AILI·LIFE_2026-09-19 07.19.e	16689110	1789773570
iDraw/eTools/backup/AILI·LIFE/AILI·LIFE_2026-09-19 07.24.e	16689620	1789773824
iDraw/eTools/backup/AILI·LIFE/AILI·LIFE_2026-09-19 07.29.e	16689667	1789774086
iDraw/eTools/backup/AILI·LIFE/AILI·LIFE_2026-09-19 07.34.e	16689643	1789774364
iDraw/eTools/backup/AILI·LIFE/AILI·LIFE_2026-09-19 07.39.e	16690142	1789774710
iDraw/eTools/backup/AILI·LIFE/AILI·LIFE_2026-09-19 07.44.e	16690862	1789775091
iDraw/eTools/backup/AILI·LIFE/AILI·LIFE_2026-09-19 07.49.e	16690935	1789775370
iDraw/eTools/backup/AILI·LIFE/AILI·LIFE_2026-09-19 07.54.e	16691169	1789775606
iDraw/eTools/backup/AILI·LIFE/AILI·LIFE_2026-09-19 07.59.e	16691750	1789775970
iDraw/eTools/backup/AILI·LIFE/AILI·LIFE_2026-09-19 08.04.e	16692126	1789776298
iDraw/eTools/backup/AILI·LIFE/AILI·LIFE_2026-09-19 08.09.e	16692360	1789776414
iDraw/eTools/backup/AILI·LIFE/AILI·LIFE_2026-09-19 11.49.e	16692412	1789789658
iDraw/eTools/backup/AILI·LIFE/AILI·LIFE_2026-09-19 23.19.e	16692412	1789830924
iDraw/eTools/backup/AILI·LIFE/AILI·LIFE_2026-09-19 23.29.e	16692412	1789831726
iDraw/eTools/backup/AILI·LIFE/AILI·LIFE_2026-09-19 23.34.e	16692581	1789832035
iDraw/eTools/backup/AILI·LIFE/AILI·LIFE_2026-09-19 23.39.e	16692952	1789832348
iDraw/eTools/backup/AILI·LIFE/AILI·LIFE_2026-09-19 23.44.e	16692528	1789832690
iDraw/eTools/backup/AILI·LIFE/AILI·LIFE_2026-09-20 11.04.e	16692782	1789873410
iDraw/eTools/backup/AILI·LIFE/AILI·LIFE_2026-09-20 11.14.e	16692770	1789873810
iDraw/eTools/backup/AILI·LIFE/AILI·LIFE_2026-09-20 11.54.e	16692883	1789876470
iDraw/eTools/backup/AILI·LIFE/AILI·LIFE_2026-09-20 11.59.e	16693323	1789876772
iDraw/eTools/backup/AILI·LIFE/AILI·LIFE_2026-09-20 12.04.e	16693485	1789877041
iDraw/eTools/backup/AILI·LIFE/AILI·LIFE_2026-09-20 12.09.e	16693402	1789877147
iDraw/eTools/backup/AILI·LIFE/AILI·LIFE_2026-09-20 12.14.e	16693463	1789877615
iDraw/eTools/backup/AILI·LIFE/AILI·LIFE_2026-09-20 12.25.e	16693458	1789878297
iDraw/eTools/backup/AILI·LIFE/AILI·LIFE_2026-09-20 12.29.e	16693458	1789878361
iDraw/eTools/backup/AILI·LIFE/AILI·LIFE_2026-09-20 19.48.e	16571967	1789904780
iDraw/eTools/backup/AILI·LIFE/AILI·LIFE_2026-09-20 19.58.e	16571967	1789905475
iDraw/eTools/backup/AILI·LIFE/AILI·LIFE_2026-09-20 20.23.e	16571991	1789906765
iDraw/eTools/backup/API处理示例/API处理示例_2025-02-10 19.24.19.e	941569	1718969951
iDraw/eTools/backup/CCHTTP2.0.1.5 最新源码/CCHTTP2.0.1.5 最新源码_2025-11-14 15.47.e	4712236	1696169736
iDraw/eTools/backup/DLL函数查看器/DLL函数查看器_2026-01-25 01.44.e	12593	1610936882
iDraw/eTools/backup/DLL函数查看器/DLL函数查看器_2026-01-25 14.24.25.e	12643	1769322263
iDraw/eTools/backup/DOS调用/DOS调用_2025-08-05 18.22.21.e	14477	1754389266
iDraw/eTools/backup/DOS调用/DOS调用_2025-08-05 18.39.e	14427	1754390081
iDraw/eTools/backup/DPI系统增强/DPI系统增强_2025-05-05 08.29.42.e	943019	1746404739
iDraw/eTools/backup/DPI适应模块/DPI适应模块_2025-10-31 23.55.28.e	7417	1568028187
iDraw/eTools/backup/Dulu_SDK/Dulu_SDK_2025-07-15 20.41.00.e	456894	1752583219
iDraw/eTools/backup/GS_SDK/GS_SDK_2025-07-23 22.49.13.e	281302	1673177308
iDraw/eTools/backup/GS框架/GS框架_2025-04-10 19.07.54.e	5651509	1744283140
iDraw/eTools/backup/GS框架/GS框架_2025-09-03 23.27.e	5650994	1756912929
iDraw/eTools/backup/GS框架_Teaboss/GS框架_Teaboss_2025-05-10 12.59.42.e	5655720	1673584913
iDraw/eTools/backup/GoCQ SDK/GoCQ SDK_2025-06-04 17.38.e	175399	1747191188
iDraw/eTools/backup/GoCQ SDK/GoCQ SDK_2025-06-04 19.23.e	22957	1749036157
iDraw/eTools/backup/GoCQ SDK/GoCQ SDK_2025-06-04 19.28.e	22965	1749036217
iDraw/eTools/backup/GoCQ SDK/GoCQ SDK_2025-06-05 10.27.e	24741	1749090398
iDraw/eTools/backup/GoCQ SDK/GoCQ SDK_2025-06-05 10.32.09.e	159822	1749090717
iDraw/eTools/backup/GoCQ SDK/GoCQ SDK_2025-06-05 10.46.06.e	159644	1749091563
iDraw/eTools/backup/GoCQ SDK/GoCQ SDK_2025-07-16 21.02.e	18359	1714327511
iDraw/eTools/backup/GoCQ SDK/GoCQ SDK_2025-07-16 21.37.e	20098	1752673041
iDraw/eTools/backup/GoCQ SDK/GoCQ SDK_2025-07-16 21.42.e	20686	1752673161
iDraw/eTools/backup/GoCQ SDK/GoCQ SDK_2025-07-16 21.47.e	20916	1752673641
iDraw/eTools/backup/GoCQ SDK/GoCQ SDK_2025-07-16 21.52.e	21603	1752673948
iDraw/eTools/backup/GoCQ SDK/GoCQ SDK_2025-07-16 21.57.e	22615	1752674241
iDraw/eTools/backup/GoCQ SDK/GoCQ SDK_2025-07-16 22.02.e	23115	1752674394
iDraw/eTools/backup/GoCQ SDK/GoCQ SDK_2026-03-25 21.20.e	26414	1758701459
iDraw/eTools/backup/GoCQ SDK/GoCQ SDK_2026-03-25 21.25.e	1001483	1774445081
iDraw/eTools/backup/GoCQ SDK/GoCQ SDK_2026-03-25 23.05.e	1001311	1774451085
iDraw/eTools/backup/GoCQ SDK/GoCQ SDK_2026-03-25 23.10.e	1001842	1774451302
iDraw/eTools/backup/GoCQ SDK/GoCQ SDK_2026-03-25 23.30.e	1001903	1774452585
iDraw/eTools/backup/GoCQ SDK/GoCQ SDK_2026-03-25 23.35.e	1136797	1774452885
iDraw/eTools/backup/GoCQ SDK/GoCQ SDK_2026-03-25 23.40.e	1137672	1774453109
iDraw/eTools/backup/GoCQ SDK/GoCQ SDK_2026-03-25 23.50.e	1137940	1774453642
iDraw/eTools/backup/GoCQ SDK/GoCQ SDK_2026-03-25 23.55.e	1138087	1774453915
iDraw/eTools/backup/GoCQ SDK/GoCQ SDK_2026-03-26 00.00.e	1138319	1774454378
iDraw/eTools/backup/GoCQ SDK/GoCQ SDK_2026-03-26 00.05.e	1138357	1774454427
iDraw/eTools/backup/GoCQ SDK/GoCQ SDK_2026-03-26 00.25.e	1138672	1774455825
iDraw/eTools/backup/GoCQ/GoCQ_2025-06-04 17.33.03.e	45571	1747191104
iDraw/eTools/backup/GoCQ/GoCQ_2026-03-25 21.15.10.e	47222	1759584767
iDraw/eTools/backup/HP/HP_2026-02-26 14.25.17.e	35689	1772087078
iDraw/eTools/backup/HashMap/HashMap_2025-04-13 12.30.25.e	74401	1744518529
iDraw/eTools/backup/HashMap/HashMap_2025-04-13 12.32.45.e	74401	1744518672
iDraw/eTools/backup/HashMap/HashMap_2025-04-13 12.33.49.e	74401	1744518770
iDraw/eTools/backup/HashMap/HashMap_2025-04-13 13.00.e	74401	1744520139
iDraw/eTools/backup/Json改版 - 複製/Json改版 - 複製_2026-02-12 23.21.03.e	1085789	1770909662
iDraw/eTools/backup/Json改版/Json改版_2026-02-28 13.37.27.e	1215580	1772257042
iDraw/eTools/backup/Json转Ms标准/Json转Ms标准_2025-07-24 14.23.e	985922	1753337870
iDraw/eTools/backup/Json转Ms标准/Json转Ms标准_2025-07-24 14.28.e	985973	1753338215
iDraw/eTools/backup/Json转Ms标准/Json转Ms标准_2025-07-24 14.38.e	986066	1753338635
iDraw/eTools/backup/Json转Ms标准/Json转Ms标准_2025-07-24 14.43.e	986088	1753339385
iDraw/eTools/backup/Json转Ms标准/Json转Ms标准_2025-07-24 14.53.e	985733	1753339985
iDraw/eTools/backup/Json转Ms标准/Json转Ms标准_2025-07-24 17.58.e	984778	1753351028
iDraw/eTools/backup/Json转Ms标准/Json转Ms标准_2025-08-11 14.46.03.e	984680	1754723190
iDraw/eTools/backup/Koishi适配器/Koishi适配器_2026-09-16 09.18.11.e	1409479	1789521425
iDraw/eTools/backup/Koishi适配器/Koishi适配器_2026-09-16 09.53.53.e	1409776	1789523629
iDraw/eTools/backup/Koishi适配器/Koishi适配器_2026-09-16 10.03.e	1409804	1789524144
iDraw/eTools/backup/Koishi适配器/Koishi适配器_2026-09-16 10.08.e	1409688	1789524285
iDraw/eTools/backup/LC框架/LC框架_2025-05-20 16.57.e	6645893	1697949303
iDraw/eTools/backup/LC框架/LC框架_2025-07-04 00.14.16.e	6650180	1751559252
iDraw/eTools/backup/LightCute[5.2.0]/LightCute[5.2.0]_2025-10-18 19.59.21.e	1374670	1721369704
iDraw/eTools/backup/LightCute云端[6.0]/LightCute云端[6.0]_2025-07-15 15.25.33.e	4934461	1721889166
iDraw/eTools/backup/LightCute云端[7.0]/LightCute云端[7.0]_2025-10-18 20.47.e	4596174	1760791606
iDraw/eTools/backup/LightCute云端[7.0]/LightCute云端[7.0]_2025-10-18 20.52.e	4703642	1760791846
iDraw/eTools/backup/LightCute云端[7.0]/LightCute云端[7.0]_2025-10-18 20.57.e	4669489	1760792086
iDraw/eTools/backup/LightCute云端[7.0]/LightCute云端[7.0]_2025-10-18 21.02.e	4670915	1760792381
iDraw/eTools/backup/LightCute云端[7.0]/LightCute云端[7.0]_2025-10-18 21.42.e	4670931	1760794906
iDraw/eTools/backup/LightCute云端[7.0]/LightCute云端[7.0]_2025-10-18 21.47.e	4769157	1760795086
iDraw/eTools/backup/LightCute云端[7.0]/LightCute云端[7.0]_2025-10-18 21.49.05.e	4769209	1760795330
iDraw/eTools/backup/LightCute云端[7.0]/LightCute云端[7.0]_2025-10-18 22.15.e	4568398	1760796637
iDraw/eTools/backup/LightCute云端[7.0]/LightCute云端[7.0]_2025-10-18 22.20.e	4568428	1760797147
iDraw/eTools/backup/LightCute云端[7.0]/LightCute云端[7.0]_2025-10-18 22.25.e	4579198	1760797477
iDraw/eTools/backup/LightCute云端[7.0]/LightCute云端[7.0]_2025-10-18 22.30.e	4579278	1760797717
iDraw/eTools/backup/LightCute云端[7.0]/LightCute云端[7.0]_2025-10-18 22.35.e	4579296	1760798077
iDraw/eTools/backup/LightCute云端[7.0]/LightCute云端[7.0]_2025-10-18 22.40.e	4579369	1760798347
iDraw/eTools/backup/LightCute云端[7.0]/LightCute云端[7.0]_2025-10-18 22.45.e	4580245	1760798706
iDraw/eTools/backup/LightCute云端[7.0]/LightCute云端[7.0]_2025-10-18 22.50.e	4580205	1760798827
iDraw/eTools/backup/LightCute云端[7.0]/LightCute云端[7.0]_2025-10-18 23.05.e	4582658	1760799877
iDraw/eTools/backup/LightCute云端[7.0]/LightCute云端[7.0]_2025-10-18 23.15.e	4582323	1760800387
iDraw/eTools/backup/LightCute云端[7.0]/LightCute云端[7.0]_2025-10-18 23.25.e	4584817	1760801077
iDraw/eTools/backup/LightCute云端[7.0]/LightCute云端[7.0]_2025-10-18 23.30.e	4584333	1760801137
iDraw/eTools/backup/LightCute云端[7.0]/LightCute云端[7.0]_2025-10-18 23.35.e	4584172	1760801677
iDraw/eTools/backup/LightCute云端[7.0]/LightCute云端[7.0]_2025-10-19 11.30.e	4586751	1760844577
iDraw/eTools/backup/LightCute云端[7.0]/LightCute云端[7.0]_2025-10-19 11.35.e	4586244	1760844877
iDraw/eTools/backup/LightCute云端[7.0]/LightCute云端[7.0]_2025-10-19 11.40.e	4585840	1760845177
iDraw/eTools/backup/LightCute云端[7.0]/LightCute云端[7.0]_2025-10-19 11.45.e	4585823	1760845207
iDraw/eTools/backup/LightCute云端[7.0]/LightCute云端[7.0]_2025-10-19 12.10.e	4585931	1760846994
iDraw/eTools/backup/LightCute云端[7.0]/LightCute云端[7.0]_2025-10-19 12.20.e	4585910	1760847577
iDraw/eTools/backup/LightCute云端[7.0]/LightCute云端[7.0]_2025-10-19 12.25.e	4585917	1760847607
iDraw/eTools/backup/LightCute云端[7.0]/LightCute云端[7.0]_2025-10-19 19.00.e	4585868	1760871416
iDraw/eTools/backup/LightCute云端[7.0]/LightCute云端[7.0]_2025-10-19 19.10.e	4572365	1760871997
iDraw/eTools/backup/LightCute全自动制图/LightCute全自动制图_2025-04-16 20.27.39.e	10654910	1734527537
iDraw/eTools/backup/LocalSend/LocalSend_2026-02-06 14.47.e	979648	1770360333
iDraw/eTools/backup/LocalSend/LocalSend_2026-02-06 14.52.e	979756	1770360695
iDraw/eTools/backup/LocalSend/LocalSend_2026-02-06 14.57.e	979970	1770360935
iDraw/eTools/backup/LocalSend/LocalSend_2026-02-06 15.02.e	980329	1770361295
iDraw/eTools/backup/LocalSend/LocalSend_2026-02-06 15.12.e	980885	1770361786
iDraw/eTools/backup/LocalSend/LocalSend_2026-02-06 15.17.e	981666	1770362165
iDraw/eTools/backup/LocalSend/LocalSend_2026-02-06 15.22.e	1116522	1770362461
iDraw/eTools/backup/LocalSend/LocalSend_2026-02-06 15.27.e	1117192	1770362795
iDraw/eTools/backup/LocalSend/LocalSend_2026-02-06 15.37.e	1163016	1770363328
iDraw/eTools/backup/LocalSend/LocalSend_2026-02-06 15.52.e	1163802	1770364301
iDraw/eTools/backup/LocalSend/LocalSend_2026-02-06 16.02.e	1164310	1770364835
iDraw/eTools/backup/LocalSend/LocalSend_2026-02-06 16.17.e	1167248	1770365795
iDraw/eTools/backup/LocalSend/LocalSend_2026-02-06 16.22.e	1167568	1770366101
iDraw/eTools/backup/LocalSend/LocalSend_2026-02-06 16.27.e	1168059	1770366412
iDraw/eTools/backup/LocalSend/LocalSend_2026-02-06 16.32.e	1167997	1770366724
iDraw/eTools/backup/LocalSend/LocalSend_2026-02-06 16.37.e	1174048	1770366995
iDraw/eTools/backup/LocalSend/LocalSend_2026-02-06 16.39.14.e	1174151	1770367149
iDraw/eTools/backup/LocalSend/LocalSend_2026-02-06 17.44.e	1168409	1770371059
iDraw/eTools/backup/LocalSend/LocalSend_2026-02-06 17.49.e	1169126	1770371359
iDraw/eTools/backup/LocalSend/LocalSend_2026-02-06 17.54.e	1169505	1770371583
iDraw/eTools/backup/LocalSend/LocalSend_2026-02-06 18.08.41.e	1169560	1770372290
iDraw/eTools/backup/LocalSend_DLL/LocalSend_DLL_2026-02-07 07.33.e	183846	1770420779
iDraw/eTools/backup/LocalSend_DLL/LocalSend_DLL_2026-02-07 07.38.e	184928	1770421079
iDraw/eTools/backup/LocalSend_DLL/LocalSend_DLL_2026-02-07 07.43.e	1161965	1770421259
iDraw/eTools/backup/LocalSend_DLL/LocalSend_DLL_2026-02-07 07.48.e	1161965	1770421589
iDraw/eTools/backup/LocalSend_DLL/LocalSend_DLL_2026-02-07 08.13.e	1162011	1770423179
iDraw/eTools/backup/LocalSend_DLL/LocalSend_DLL_2026-02-07 08.18.e	1162104	1770423479
iDraw/eTools/backup/LocalSend_DLL/LocalSend_DLL_2026-02-07 08.23.e	1162510	1770423779
iDraw/eTools/backup/LocalSend_DLL/LocalSend_DLL_2026-02-07 08.33.e	1162823	1770424199
iDraw/eTools/backup/LocalSend_DLL/LocalSend_DLL_2026-02-07 08.48.e	1162827	1770425009
iDraw/eTools/backup/LocalSend_DLL/LocalSend_DLL_2026-02-07 08.58.e	1162826	1770425879
iDraw/eTools/backup/LocalSend_DLL/LocalSend_DLL_2026-02-07 09.13.e	1162826	1770426659
iDraw/eTools/backup/LocalSend_DLL/LocalSend_DLL_2026-02-07 09.23.e	1162937	1770427379
iDraw/eTools/backup/LocalSend_DLL/LocalSend_DLL_2026-02-07 09.38.e	1163830	1770428069
iDraw/eTools/backup/LocalSend_DLL/LocalSend_DLL_2026-02-07 09.58.e	1163811	1770429419
iDraw/eTools/backup/LocalSend_DLL/LocalSend_DLL_2026-02-07 11.08.e	1163896	1770433679
iDraw/eTools/backup/LocalSend_DLL/LocalSend_DLL_2026-02-07 11.13.e	1164239	1770433840
iDraw/eTools/backup/LocalSend_DLL/LocalSend_DLL_2026-02-07 11.33.e	1164878	1770435028
iDraw/eTools/backup/LocalSend_DLL/LocalSend_DLL_2026-02-07 11.43.e	1164878	1770435659
iDraw/eTools/backup/LocalSend_DLL/LocalSend_DLL_2026-02-07 12.38.e	1164509	1770439079
iDraw/eTools/backup/LocalSend_DLL/LocalSend_DLL_2026-02-07 12.43.e	1166075	1770439379
iDraw/eTools/backup/LocalSend_DLL/LocalSend_DLL_2026-02-07 12.48.e	1219242	1770439705
iDraw/eTools/backup/LocalSend_DLL/LocalSend_DLL_2026-02-07 12.53.e	1219990	1770439979
iDraw/eTools/backup/LocalSend_DLL/LocalSend_DLL_2026-02-07 17.38.e	1221035	1770440880
iDraw/eTools/backup/LocalSend_协议/LocalSend_协议_2026-02-12 20.49.31.e	1169560	1770372290
iDraw/eTools/backup/MY控制Q群管家例子/MY控制Q群管家例子_2025-07-20 19.54.e	926592	1753010290
iDraw/eTools/backup/MY控制Q群管家例子/MY控制Q群管家例子_2025-07-20 19.59.e	926592	1753012491
iDraw/eTools/backup/Mac文件发送/Mac文件发送_2026-02-06 16.44.e	1749	1770367202
iDraw/eTools/backup/Mac文件发送/Mac文件发送_2026-02-06 16.49.e	979263	1770367690
iDraw/eTools/backup/Mac文件发送/Mac文件发送_2026-02-06 16.59.e	982660	1770368349
iDraw/eTools/backup/Mac文件发送/Mac文件发送_2026-02-06 17.04.e	982705	1770368649
iDraw/eTools/backup/Mac文件发送/Mac文件发送_2026-02-06 17.09.e	980217	1770368949
iDraw/eTools/backup/Mac文件发送/Mac文件发送_2026-02-06 17.14.e	980385	1770369249
iDraw/eTools/backup/Mac文件发送/Mac文件发送_2026-02-06 17.19.e	980782	1770369524
iDraw/eTools/backup/Mac文件发送/Mac文件发送_2026-02-06 17.34.e	981584	1770370414
iDraw/eTools/backup/MeshToBlender/MeshToBlender_2025-06-29 22.45.53.e	17845102	1665741497
iDraw/eTools/backup/MeshToBlender/MeshToBlender_2025-06-29 23.44.04.e	17857165	1751211840
iDraw/eTools/backup/MiniBlink·Api/MiniBlink·Api_2026-07-15 00.09.38.e	174120	1784045258
iDraw/eTools/backup/Moen Dev 20220830/Moen Dev 20220830_2025-07-25 18.32.07.e	224485	1753439524
iDraw/eTools/backup/Moen Dev 20220830/Moen Dev 20220830_2025-07-25 18.56.13.e	224503	1753440971
iDraw/eTools/backup/Moen SDK_1 20220731.bak/Moen SDK_1 20220731.bak_2025-07-21 14.03.11.e	1150635	1753073665
iDraw/eTools/backup/MyQQ Dev 20230112/MyQQ Dev 20230112_2025-07-15 19.58.55.e	216922	1752580732
iDraw/eTools/backup/MyQQ Dev 20230112/MyQQ Dev 20230112_2025-07-15 20.18.43.e	216981	1752581921
iDraw/eTools/backup/MyQQ SDK_2 20230112(3)/MyQQ SDK_2 20230112(3)_2026-03-03 14.40.52.e	1167336	1772519961
iDraw/eTools/backup/MyQQ SDK_2 20230112/MyQQ SDK_2 20230112_2026-03-01 20.54.e	1123935	1772361780
iDraw/eTools/backup/MyQQ SDK_2 20230112/MyQQ SDK_2 20230112_2026-03-01 20.59.e	1305432	1772369933
iDraw/eTools/backup/MyQQ SDK_2 20230112/MyQQ SDK_2 20230112_2026-03-01 21.04.e	1307163	1772370260
iDraw/eTools/backup/MyQQ SDK_2 20230112/MyQQ SDK_2 20230112_2026-03-01 21.09.e	1307275	1772370533
iDraw/eTools/backup/MyQQ SDK_2 20230112/MyQQ SDK_2 20230112_2026-03-01 21.14.e	1308477	1772370833
iDraw/eTools/backup/MyQQ SDK_2 20230112/MyQQ SDK_2 20230112_2026-03-01 21.19.e	1309074	1772371064
iDraw/eTools/backup/MyQQ SDK_2 20230112/MyQQ SDK_2 20230112_2026-03-01 21.34.e	1309288	1772372003
iDraw/eTools/backup/MyQQ SDK_2 20230112/MyQQ SDK_2 20230112_2026-03-01 21.39.e	1309361	1772372088
iDraw/eTools/backup/MyQQ SDK_2 20230112/MyQQ SDK_2 20230112_2026-03-01 21.54.e	1309415	1772373171
iDraw/eTools/backup/MyQQ SDK_2 20230112/MyQQ SDK_2 20230112_2026-03-01 21.59.e	1310811	1772373551
iDraw/eTools/backup/MyQQ SDK_2 20230112/MyQQ SDK_2 20230112_2026-03-01 22.04.e	1311399	1772373694
iDraw/eTools/backup/MyQQ SDK_2 20230112/MyQQ SDK_2 20230112_2026-03-01 22.12.40.e	1311068	1772374352
iDraw/eTools/backup/MyQQ SDK_2 20230112/MyQQ SDK_2 20230112_2026-03-03 13.21.e	1168241	1772515283
iDraw/eTools/backup/MyQQ SDK_2 20230112/MyQQ SDK_2 20230112_2026-03-03 13.26.e	1169725	1772515555
iDraw/eTools/backup/MyQQ SDK_2 20230112/MyQQ SDK_2 20230112_2026-03-03 13.28.42.e	1170026	1772515703
iDraw/eTools/backup/MyQQ SDK_2 20230112/MyQQ SDK_2 20230112_2026-03-03 15.00.e	1170919	1772521203
iDraw/eTools/backup/MyQQ SDK_2 20230112/MyQQ SDK_2 20230112_2026-03-03 15.02.06.e	1123935	1772521037
iDraw/eTools/backup/MyQQ SDK_2 20230112/MyQQ SDK_2 20230112_2026-03-03 15.05.e	1172443	1772521392
iDraw/eTools/backup/MyQQ SDK_2 20230112/MyQQ SDK_2 20230112_2026-03-03 15.15.e	1178786	1772522103
iDraw/eTools/backup/MyQQ SDK_2 20230112/MyQQ SDK_2 20230112_2026-03-03 15.18.49.e	1178555	1772522320
iDraw/eTools/backup/MyQQ SDK_2 20230112/MyQQ SDK_2 20230112_2026-03-03 15.36.e	1176462	1772523280
iDraw/eTools/backup/MyQQ SDK_2 20230112/MyQQ SDK_2 20230112_2026-03-03 15.46.e	1176462	1772523771
iDraw/eTools/backup/MyQQ SDK_2 20230112/MyQQ SDK_2 20230112_2026-03-03 15.51.e	1176512	1772524250
iDraw/eTools/backup/MyQQ SDK_2 20230112/MyQQ SDK_2 20230112_2026-03-03 15.56.e	1176518	1772524400
iDraw/eTools/backup/MyQQ SDK_2 20230112/MyQQ SDK_2 20230112_2026-03-03 16.06.e	1177104	1772525052
iDraw/eTools/backup/MyQQ SDK_2 20230112/MyQQ SDK_2 20230112_2026-03-04 13.30.e	1177559	1772602133
iDraw/eTools/backup/MyQQ SDK_2 20230112/MyQQ SDK_2 20230112_2026-03-04 13.35.e	1177712	1772602490
iDraw/eTools/backup/MyQQ SDK_2 20230112/MyQQ SDK_2 20230112_2026-03-04 13.40.e	1177956	1772602697
iDraw/eTools/backup/MyQQ SDK_2 20230112/MyQQ SDK_2 20230112_2026-03-04 13.43.22.e	1123935	1752760537
iDraw/eTools/backup/MyQQ SDK_2 20230112/MyQQ SDK_2 20230112_2026-03-04 13.45.e	1177956	1772602697
iDraw/eTools/backup/MyQQ SDK_2 20230112/MyQQ SDK_2 20230112_2026-03-04 13.46.52.e	1177957	1772603205
iDraw/eTools/backup/MyQQ SDK_2 20230112/MyQQ SDK_2 20230112_2026-03-04 13.56.29.e	1177677	1772603781
iDraw/eTools/backup/NB模块v5.7测试版 0903/NB模块v5.7测试版 0903_2025-04-13 09.41.e	2107724	1744508169
iDraw/eTools/backup/NB模块v5.7测试版 0903/NB模块v5.7测试版 0903_2025-04-13 09.46.e	2110855	1744508649
iDraw/eTools/backup/NB模块v5.7测试版 0903/NB模块v5.7测试版 0903_2025-04-13 09.51.e	2132273	1744509041
iDraw/eTools/backup/NB模块v5.7测试版 0903/NB模块v5.7测试版 0903_2025-04-13 09.56.e	2157888	1744509339
iDraw/eTools/backup/NB模块v5.7测试版 0903/NB模块v5.7测试版 0903_2025-04-13 10.01.e	2150416	1744509639
iDraw/eTools/backup/NB模块v5.7测试版 0903/NB模块v5.7测试版 0903_2025-04-13 10.06.e	2153750	1744509939
iDraw/eTools/backup/NB模块v5.7测试版 0903/NB模块v5.7测试版 0903_2025-04-13 10.11.e	2153521	1744510119
iDraw/eTools/backup/NB模块v5.7测试版 0903/NB模块v5.7测试版 0903_2025-04-13 10.16.e	2159973	1744510490
iDraw/eTools/backup/NB模块v5.7测试版 0903/NB模块v5.7测试版 0903_2025-04-13 10.21.e	2172244	1744510839
iDraw/eTools/backup/NB模块v5.7测试版 0903/NB模块v5.7测试版 0903_2025-04-13 12.28.e	2172244	1744518306
iDraw/eTools/backup/NB模块v5.7测试版 0903/NB模块v5.7测试版 0903_2025-04-13 12.38.e	2246663	1744519054
iDraw/eTools/backup/NB模块v5.7测试版 0903/NB模块v5.7测试版 0903_2025-04-13 12.43.e	2285336	1744519145
iDraw/eTools/backup/NB模块v5.7测试版 0903/NB模块v5.7测试版 0903_2025-04-13 12.48.e	2286268	1744519386
iDraw/eTools/backup/NB模块v5.7测试版 0903/NB模块v5.7测试版 0903_2025-04-13 12.53.e	2286527	1744519893
iDraw/eTools/backup/NB模块v5.7测试版 0903/NB模块v5.7测试版 0903_2025-04-13 12.58.e	2241495	1744520223
iDraw/eTools/backup/NB模块v5.7测试版 0903/NB模块v5.7测试版 0903_2025-04-13 13.03.e	2253338	1744520498
iDraw/eTools/backup/NB模块v5.7测试版 0903/NB模块v5.7测试版 0903_2025-04-13 13.08.e	2295532	1744520872
iDraw/eTools/backup/NB模块v5.7测试版 0903/NB模块v5.7测试版 0903_2025-04-13 13.13.e	2308846	1744521063
iDraw/eTools/backup/NB模块v5.7测试版 0903/NB模块v5.7测试版 0903_2025-04-13 13.18.e	2308672	1744521453
iDraw/eTools/backup/NB模块v5.7测试版 0903/NB模块v5.7测试版 0903_2025-04-13 13.23.e	2308689	1744521723
iDraw/eTools/backup/NB模块v5.7测试版 0903/NB模块v5.7测试版 0903_2025-04-13 13.26.10.e	2308714	1744521965
iDraw/eTools/backup/NB模块v5.7测试版 0903/NB模块v5.7测试版 0903_2025-04-13 13.35.e	2285623	1744522542
iDraw/eTools/backup/NB模块v5.7测试版 0903/NB模块v5.7测试版 0903_2025-04-13 14.29.e	2286101	1744525729
iDraw/eTools/backup/NB模块v5.7测试版 0903/NB模块v5.7测试版 0903_2025-04-13 14.34.e	2286669	1744525987
iDraw/eTools/backup/NB模块v5.7测试版 0903/NB模块v5.7测试版 0903_2025-04-13 14.39.e	2291417	1744526351
iDraw/eTools/backup/NB模块v5.7测试版 0903/NB模块v5.7测试版 0903_2025-04-13 14.44.e	2291533	1744526647
iDraw/eTools/backup/NB模块v5.7测试版 0903/NB模块v5.7测试版 0903_2025-04-13 14.49.e	2290858	1744526739
iDraw/eTools/backup/NB模块v5.7测试版 0903/NB模块v5.7测试版 0903_2025-04-13 15.19.31.e	2290858	1744528766
iDraw/eTools/backup/NB模块v5.7测试版 0903/NB模块v5.7测试版 0903_2025-04-16 20.35.40.e	2277041	1744806939
iDraw/eTools/backup/NB模块v5.7测试版 0903/NB模块v5.7测试版 0903_2025-04-16 20.43.59.e	2278049	1744807437
iDraw/eTools/backup/NB模块v5.8测试版 0416/NB模块v5.8测试版 0416_2025-04-16 20.50.38.e	2278049	1744807437
iDraw/eTools/backup/NB模块v5.9/NB模块v5.9_2025-07-03 21.04.e	2142591	1751547562
iDraw/eTools/backup/NB模块v5.9/NB模块v5.9_2025-07-03 21.06.28.e	2142693	1751547928
iDraw/eTools/backup/NB模块v5.9/NB模块v5.9_2025-07-16 11.22.43.e	2142591	1750771429
iDraw/eTools/backup/NB模块v5.9/NB模块v5.9_2026-02-26 14.33.19.e	2125617	1772087507
iDraw/eTools/backup/OneBot兼容器[1.0.9]/OneBot兼容器[1.0.9]_2025-02-16 10.03.e	1497207	1734662953
iDraw/eTools/backup/OneBot兼容器[1.0.9]/OneBot兼容器[1.0.9]_2025-04-07 19.43.e	1498168	1744025933
iDraw/eTools/backup/OneBot兼容器[1.0.9]/OneBot兼容器[1.0.9]_2025-04-07 19.48.e	1498202	1744026413
iDraw/eTools/backup/OneBot兼容器[1.0.9]/OneBot兼容器[1.0.9]_2025-04-07 19.58.e	1498365	1744026953
iDraw/eTools/backup/OneBot兼容器[1.0.9]/OneBot兼容器[1.0.9]_2025-04-07 21.43.e	1498349	1744033223
iDraw/eTools/backup/OneBot兼容器[1.0.9]/OneBot兼容器[1.0.9]_2025-04-08 08.51.e	1498365	1744034483
iDraw/eTools/backup/OneBot兼容器[1.0.9]/OneBot兼容器[1.0.9]_2025-04-08 09.01.e	1498321	1744074018
iDraw/eTools/backup/OneBot兼容器[1.0.9]/OneBot兼容器[1.0.9]_2025-04-08 09.06.e	1498305	1744074395
iDraw/eTools/backup/OneBot兼容器[1.0.9]/OneBot兼容器[1.0.9]_2025-04-08 09.13.e	1498435	1744074623
iDraw/eTools/backup/OneBot兼容器[1.0.9]/OneBot兼容器[1.0.9]_2025-04-08 09.18.e	1498192	1744075098
iDraw/eTools/backup/OneBot兼容器[1.0.9]/OneBot兼容器[1.0.9]_2025-04-08 09.20.56.e	1498215	1744075254
iDraw/eTools/backup/OneBot兼容器[1.1.0]/OneBot兼容器[1.1.0]_2025-04-08 09.26.e	1498215	1744075254
iDraw/eTools/backup/OneBot兼容器[1.1.0]/OneBot兼容器[1.1.0]_2025-04-08 10.11.29.e	1498043	1744078286
iDraw/eTools/backup/PluginsTest/PluginsTest_2026-09-21 19.29.07.e	4196	1423915332
iDraw/eTools/backup/QQ版(兼容两版）/QQ版(兼容两版）_2025-06-28 21.27.e	2199791	1751116949
iDraw/eTools/backup/QQ版(兼容两版）/QQ版(兼容两版）_2025-06-28 21.29.14.e	2199616	1751117259
iDraw/eTools/backup/QQ版/QQ版_2025-06-25 22.43.e	2234094	1750861542
iDraw/eTools/backup/QQ版/QQ版_2025-06-25 22.48.e	2155223	1750862593
iDraw/eTools/backup/QQ版/QQ版_2025-06-25 23.08.e	2473056	1750864063
iDraw/eTools/backup/QQ版/QQ版_2025-06-25 23.13.e	2474323	1750864363
iDraw/eTools/backup/QQ版/QQ版_2025-06-25 23.18.e	2480532	1750864663
iDraw/eTools/backup/QQ版/QQ版_2025-06-25 23.23.e	2480679	1750864933
iDraw/eTools/backup/QQ版/QQ版_2025-06-25 23.28.e	2460139	1750865263
iDraw/eTools/backup/QQ版/QQ版_2025-06-25 23.33.e	2460288	1750865473
iDraw/eTools/backup/QQ版/QQ版_2025-06-25 23.43.e	2460309	1750866138
iDraw/eTools/backup/QQ版/QQ版_2025-06-25 23.48.e	2460243	1750866450
iDraw/eTools/backup/QQ版/QQ版_2025-06-26 20.10.e	2460258	1750939744
iDraw/eTools/backup/QQ版/QQ版_2025-06-26 20.12.e	2234094	1750866745
iDraw/eTools/backup/QQ版/QQ版_2025-06-26 20.14.16.e	2075317	1750939938
iDraw/eTools/backup/QQ版/QQ版_2025-06-26 20.15.e	2460264	1750940006
iDraw/eTools/backup/QQ版/QQ版_2025-06-27 17.49.e	2162464	1751017486
iDraw/eTools/backup/QQ版/QQ版_2025-06-28 21.35.e	2162466	1751117449
iDraw/eTools/backup/QQ版/QQ版_2025-06-28 21.40.e	2162451	1751117910
iDraw/eTools/backup/QQ版/QQ版_2025-06-28 21.45.e	2162411	1751118150
iDraw/eTools/backup/QQ版/QQ版_2025-06-28 21.46.16.e	2162411	1751118374
iDraw/eTools/backup/QQ群发/QQ群发_2025-07-13 11.22.14.e	1067702	1685948477
iDraw/eTools/backup/QQ群发/QQ群发_2025-07-19 13.28.e	986095	1752902812
iDraw/eTools/backup/QQ群发/QQ群发_2025-07-19 13.32.01.e	986122	1752903052
iDraw/eTools/backup/QQ音乐/QQ音乐_2025-08-18 17.06.e	2611054	1744800022
iDraw/eTools/backup/QQ音乐/QQ音乐_2025-08-18 19.56.e	2611161	1755518189
iDraw/eTools/backup/QQ音乐/QQ音乐_2025-08-18 20.01.e	2611154	1755518230
iDraw/eTools/backup/QQ音乐/QQ音乐_2025-08-18 21.01.e	2611025	1755521862
iDraw/eTools/backup/QQ音乐/QQ音乐_2025-08-18 21.37.e	2747434	1755524214
iDraw/eTools/backup/QQ音乐/QQ音乐_2025-08-18 21.42.e	2747280	1755524527
iDraw/eTools/backup/QQ音乐/QQ音乐_2025-08-18 22.20.51.e	2747280	1755526848
iDraw/eTools/backup/QYBot_Dev_20230831/QYBot_Dev_20230831_2025-07-15 19.57.27.e	687368	1752580644
iDraw/eTools/backup/QYBot_SDK_20230831/QYBot_SDK_20230831_2025-07-07 16.44.56.e	1271371	1701951647
iDraw/eTools/backup/Q群管家发消息_小栗子版 (2)/Q群管家发消息_小栗子版 (2)_2025-07-20 19.23.e	48046	1753010287
iDraw/eTools/backup/SDS抑郁自评量表 - 複製/SDS抑郁自评量表 - 複製_2025-02-24 16.17.24.e	647018	1730089453
iDraw/eTools/backup/SDS抑郁自评量表 - 複製/SDS抑郁自评量表 - 複製_2025-07-30 10.36.e	654372	1753842919
iDraw/eTools/backup/SDS抑郁自评量表 - 複製/SDS抑郁自评量表 - 複製_2025-07-30 10.46.e	656117	1753843579
iDraw/eTools/backup/SDS抑郁自评量表 - 複製/SDS抑郁自评量表 - 複製_2025-07-30 10.49.24.e	653718	1753843762
iDraw/eTools/backup/SDS抑郁自评量表/SDS抑郁自评量表_2025-07-08 10.42.e	649554	1684902074
iDraw/eTools/backup/SSL_IMAP_收信_完美/SSL_IMAP_收信_完美_2025-12-15 22.15.e	986659	1647443424
iDraw/eTools/backup/SSL_IMAP_收信_完美/SSL_IMAP_收信_完美_2025-12-15 22.17.22.e	986577	1765808151
iDraw/eTools/backup/SkyStudio处理模块/SkyStudio处理模块_2025-04-30 22.44.e	1017797	1662131007
iDraw/eTools/backup/SkyStudio处理模块/SkyStudio处理模块_2025-09-13 18.08.e	1012240	1757757893
iDraw/eTools/backup/SkyStudio处理模块/SkyStudio处理模块_2025-09-13 18.11.53.e	1021252	1757758310
iDraw/eTools/backup/SkyStudio处理模块/SkyStudio处理模块_2025-09-13 18.17.51.e	1020863	1757758484
iDraw/eTools/backup/SkyStudio解析类/SkyStudio解析类_2025-05-05 23.11.11.e	945646	1652360208
iDraw/eTools/backup/TCP连接测试_客户端/TCP连接测试_客户端_2025-11-01 22.26.e	48889	1762007014
iDraw/eTools/backup/TCP连接测试_客户端/TCP连接测试_客户端_2025-11-01 22.31.e	49137	1762007207
iDraw/eTools/backup/TCP连接测试_服务端/TCP连接测试_服务端_2025-11-01 22.37.30.e	28452	1762007849
iDraw/eTools/backup/Twitter-API - 副本/Twitter-API - 副本_2025-04-13 13.33.e	1464910	1744453759
iDraw/eTools/backup/Twitter-API - 副本/Twitter-API - 副本_2025-04-13 13.38.e	2226729	1744522520
iDraw/eTools/backup/Twitter-API - 副本/Twitter-API - 副本_2025-04-13 14.39.e	2319911	1744526257
iDraw/eTools/backup/Twitter-API - 副本/Twitter-API - 副本_2025-04-13 14.47.44.e	2413128	1744526767
iDraw/eTools/backup/Twitter-API - 副本/Twitter-API - 副本_2025-04-13 14.57.e	2182085	1744527323
iDraw/eTools/backup/Twitter-API - 副本/Twitter-API - 副本_2025-04-13 15.02.e	2174988	1744527532
iDraw/eTools/backup/Twitter-API - 副本/Twitter-API - 副本_2025-04-13 15.07.e	2174032	1744527952
iDraw/eTools/backup/Twitter-API - 副本/Twitter-API - 副本_2025-04-13 15.12.05.e	2167556	1744528104
iDraw/eTools/backup/Twitter-API/Twitter-API_2025-02-15 11.24.e	1437396	1738897136
iDraw/eTools/backup/Twitter-API/Twitter-API_2025-02-15 11.29.e	1594688	1739589870
iDraw/eTools/backup/Twitter-API/Twitter-API_2025-02-15 11.34.e	1594691	1739590374
iDraw/eTools/backup/Twitter-API/Twitter-API_2025-02-15 11.38.43.e	1893421	1739590710
iDraw/eTools/backup/Twitter-API/Twitter-API_2025-02-15 11.43.e	1454119	1739590922
iDraw/eTools/backup/Twitter-API/Twitter-API_2025-02-15 11.53.e	1466821	1739591552
iDraw/eTools/backup/Twitter-API/Twitter-API_2025-02-15 11.58.e	1467145	1739591900
iDraw/eTools/backup/Twitter-API/Twitter-API_2025-04-12 17.02.e	1464965	1744448416
iDraw/eTools/backup/Twitter-API/Twitter-API_2025-04-12 18.29.54.e	1464910	1744453759
iDraw/eTools/backup/Twitter-API/Twitter-API_2025-06-29 19.01.03.e	1464391	1751194826
iDraw/eTools/backup/Twitter-API/Twitter-API_2025-10-06 22.19.e	1467582	1759760295
iDraw/eTools/backup/Twitter-API/Twitter-API_2025-10-06 22.34.e	1468789	1759761274
iDraw/eTools/backup/Twitter-API/Twitter-API_2025-10-06 22.39.e	1468274	1759761555
iDraw/eTools/backup/Twitter-API/Twitter-API_2025-10-06 22.44.e	1469448	1759761852
iDraw/eTools/backup/Twitter-API/Twitter-API_2025-10-06 22.49.e	1469504	1759762152
iDraw/eTools/backup/Twitter-API/Twitter-API_2025-10-06 22.54.e	1469737	1759762455
iDraw/eTools/backup/Twitter-API/Twitter-API_2025-10-06 22.59.e	1470011	1759762755
iDraw/eTools/backup/Twitter-API/Twitter-API_2025-10-06 23.04.e	1470140	1759762995
iDraw/eTools/backup/Twitter-API/Twitter-API_2025-10-06 23.09.e	1470252	1759763356
iDraw/eTools/backup/Twitter-API/Twitter-API_2025-10-06 23.14.e	1471700	1759763625
iDraw/eTools/backup/Twitter-API/Twitter-API_2025-10-06 23.19.e	1471734	1759763835
iDraw/eTools/backup/Twitter-API/Twitter-API_2025-10-06 23.24.e	1471662	1759764225
iDraw/eTools/backup/Twitter-API/Twitter-API_2025-10-06 23.29.e	1471607	1759764495
iDraw/eTools/backup/Twitter-API/Twitter-API_2025-10-06 23.34.e	1471862	1759764795
iDraw/eTools/backup/Twitter-API/Twitter-API_2025-10-06 23.39.40.e	1471801	1759765177
iDraw/eTools/backup/Twitter/Twitter_2025-05-16 11.07.e	1588921	1737031128
iDraw/eTools/backup/Twitter/Twitter_2025-05-16 11.12.e	1593422	1747364848
iDraw/eTools/backup/Twitter/Twitter_2025-05-16 13.01.25.e	1593431	1747371448
iDraw/eTools/backup/UUID/UUID_2026-02-26 14.14.10.e	18344	1681276869
iDraw/eTools/backup/WebSocket/WebSocket_2026-05-04 23.55.43.e	9949	1777910073
iDraw/eTools/backup/WebSocket/WebSocket_2026-05-05 00.12.44.e	10140	1777911157
iDraw/eTools/backup/WebSocket/WebSocket_2026-05-05 21.51.52.e	9949	1777989072
iDraw/eTools/backup/WebSocket/WebSocket_2026-05-05 22.18.e	10886	1777990698
iDraw/eTools/backup/WebSocket/WebSocket_2026-05-05 22.33.e	989438	1777991598
iDraw/eTools/backup/WebSocket/WebSocket_2026-05-05 22.45.e	989341	1777991688
iDraw/eTools/backup/WebSocket/WebSocket_2026-05-05 22.50.e	988843	1777992327
iDraw/eTools/backup/XiaoLiZi_SDK-MadeSpark/XiaoLiZi_SDK-MadeSpark_2026-02-26 16.28.19.e	2466787	1772094492
iDraw/eTools/backup/XiaoLiZi_SDK-MadeSpark/XiaoLiZi_SDK-MadeSpark_2026-02-27 22.30.28.e	2466787	1772202624
iDraw/eTools/backup/XiaoLiZi_SDK-MadeSpark/XiaoLiZi_SDK-MadeSpark_2026-03-04 19.50.28.e	2466787	1772625022
iDraw/eTools/backup/XiaoLiZi_SDK-MadeSpark/XiaoLiZi_SDK-MadeSpark_2026-03-14 22.44.32.e	2466818	1773499464
iDraw/eTools/backup/XiaoLiZi_SDK-MadeSpark/XiaoLiZi_SDK-MadeSpark_2026-05-18 22.51.43.e	2476736	1779115895
iDraw/eTools/backup/XiaoLiZi_SDK-MadeSpark/XiaoLiZi_SDK-MadeSpark_2026-05-22 21.49.05.e	2000817	1756472742
iDraw/eTools/backup/XiaoLiZi_SDK-MadeSpark/XiaoLiZi_SDK-MadeSpark_2026-06-24 15.36.e	2476736	1779115895
iDraw/eTools/backup/XiaoLiZi_SDK-MadeSpark/XiaoLiZi_SDK-MadeSpark_2026-06-24 15.41.e	2435326	1782286827
iDraw/eTools/backup/XiaoLiZi_SDK-MadeSpark/XiaoLiZi_SDK-MadeSpark_2026-06-24 15.46.e	2436682	1782286999
iDraw/eTools/backup/XiaoLiZi_SDK-MadeSpark/XiaoLiZi_SDK-MadeSpark_2026-06-24 15.51.e	2435722	1782287389
iDraw/eTools/backup/XiaoLiZi_SDK-MadeSpark/XiaoLiZi_SDK-MadeSpark_2026-06-24 15.56.e	2436225	1782287765
iDraw/eTools/backup/XiaoLiZi_SDK-MadeSpark/XiaoLiZi_SDK-MadeSpark_2026-06-24 16.06.e	2436225	1782288349
iDraw/eTools/backup/XiaoLiZi_SDK-MadeSpark/XiaoLiZi_SDK-MadeSpark_2026-06-24 16.11.e	2436184	1782288646
iDraw/eTools/backup/XiaoLiZi_SDK-MadeSpark/XiaoLiZi_SDK-MadeSpark_2026-06-24 16.12.59.e	2436144	1782288764
iDraw/eTools/backup/XiaoLiZi_SDK-MadeSpark/XiaoLiZi_SDK-MadeSpark_2026-07-19 12.45.03.e	2432619	1784436297
iDraw/eTools/backup/XiaoLiZi_SDK-MadeSpark/XiaoLiZi_SDK-MadeSpark_2026-09-12 00.20.e	2432640	1789143409
iDraw/eTools/backup/XiaoLiZi_SDK-MadeSpark/XiaoLiZi_SDK-MadeSpark_2026-09-12 00.25.e	2432636	1789143922
iDraw/eTools/backup/XiaoLiZi_SDK-MadeSpark/XiaoLiZi_SDK-MadeSpark_2026-09-12 01.05.e	2434447	1789146297
iDraw/eTools/backup/XiaoLiZi_SDK-MadeSpark/XiaoLiZi_SDK-MadeSpark_2026-09-12 01.10.e	2433488	1789146456
iDraw/eTools/backup/XiaoLiZi_SDK-MadeSpark/XiaoLiZi_SDK-MadeSpark_2026-09-12 01.15.e	2434172	1789146924
iDraw/eTools/backup/XiaoLiZi_SDK-MadeSpark/XiaoLiZi_SDK-MadeSpark_2026-09-12 01.20.e	2434305	1789147197
iDraw/eTools/backup/XiaoLiZi_SDK-MadeSpark/XiaoLiZi_SDK-MadeSpark_2026-09-12 01.25.e	2434638	1789147509
iDraw/eTools/backup/XiaoLiZi_SDK-MadeSpark/XiaoLiZi_SDK-MadeSpark_2026-09-12 01.30.e	2436065	1789147772
iDraw/eTools/backup/XiaoLiZi_SDK-MadeSpark/XiaoLiZi_SDK-MadeSpark_2026-09-12 01.35.e	2436088	1789148000
iDraw/eTools/backup/XiaoLiZi_SDK-MadeSpark/XiaoLiZi_SDK-MadeSpark_2026-09-12 01.40.e	2436096	1789148324
iDraw/eTools/backup/XiaoLiZi_SDK-MadeSpark/XiaoLiZi_SDK-MadeSpark_2026-09-12 01.45.e	2436125	1789148646
iDraw/eTools/backup/XiaoLiZi_SDK-MadeSpark/XiaoLiZi_SDK-MadeSpark_2026-09-12 01.55.e	2436308	1789149315
iDraw/eTools/backup/XiaoLiZi_SDK-MadeSpark/XiaoLiZi_SDK-MadeSpark_2026-09-12 02.00.e	2436364	1789149597
iDraw/eTools/backup/XiaoLiZi_SDK-MadeSpark/XiaoLiZi_SDK-MadeSpark_2026-09-12 02.05.e	2436307	1789149852
iDraw/eTools/backup/app.GS/app.GS_2025-07-03 22.07.01.e	179952	1672637724
iDraw/eTools/backup/app.GS/app.GS_2025-07-03 22.17.e	182009	1751551933
iDraw/eTools/backup/app.GS/app.GS_2025-07-03 22.22.e	182009	1751552413
iDraw/eTools/backup/app.GS/app.GS_2025-07-03 22.27.e	182091	1751552803
iDraw/eTools/backup/app.GS/app.GS_2025-07-03 22.47.e	182069	1751553952
iDraw/eTools/backup/app.GS/app.GS_2025-07-03 23.17.e	182091	1751555712
iDraw/eTools/backup/app.GS/app.GS_2025-07-03 23.52.e	182067	1751557842
iDraw/eTools/backup/app.GS/app.GS_2025-07-23 22.48.00.e	182023	1696166171
iDraw/eTools/backup/app.bak/app.bak_2025-11-29 20.54.23.e	1131051	1759634713
iDraw/eTools/backup/app/app_2025-11-25 14.51.e	1359859	1764053469
iDraw/eTools/backup/app/app_2025-11-25 14.56.e	1359753	1764053730
iDraw/eTools/backup/app/app_2025-11-25 15.01.e	1359753	1764054024
iDraw/eTools/backup/app/app_2025-11-29 20.47.30.e	1131051	1759634713
iDraw/eTools/backup/app/app_2025-11-29 20.53.e	1303902	1764420690
iDraw/eTools/backup/app/app_2025-11-29 20.54.44.e	1541191	1764420869
iDraw/eTools/backup/app/app_2025-11-29 20.58.42.e	1448408	1764421120
iDraw/eTools/backup/app/app_2025-11-29 21.15.e	1541191	1764421801
iDraw/eTools/backup/app/app_2025-11-29 22.01.e	1208838	1764424800
iDraw/eTools/backup/app/app_2025-11-29 22.06.e	1196967	1764425146
iDraw/eTools/backup/app/app_2025-11-29 22.10.06.e	1194904	1764425393
iDraw/eTools/backup/app/app_2025-11-29 22.20.10.e	1220874	1764426008
iDraw/eTools/backup/app/app_2025-12-12 10.49.30.e	1194904	1764425393
iDraw/eTools/backup/app/app_2025-12-12 10.56.58.e	1193469	1765508213
iDraw/eTools/backup/app/app_2025-12-12 11.05.38.e	1192359	1765508733
iDraw/eTools/backup/app/app_2025-12-12 12.47.57.e	1148864	1765514874
iDraw/eTools/backup/app/app_2025-12-12 12.52.49.e	376803	1765515166
iDraw/eTools/backup/app/app_2025-12-12 23.00.34.e	1347623	1761458322
iDraw/eTools/backup/app/app_2025-12-12 23.01.12.e	212666	1765551670
iDraw/eTools/backup/app/app_2025-12-20 22.08.28.e	1193641	1766239706
iDraw/eTools/backup/app/app_2026-02-20 23.12.47.e	1194904	1764425393
iDraw/eTools/backup/app/app_2026-03-13 19.59.50.e	1330171	1759817123
iDraw/eTools/backup/app/app_2026-03-25 21.18.19.e	1359753	1764054024
iDraw/eTools/backup/app/app_2026-07-20 22.01.e	1194904	1764425393
iDraw/eTools/backup/app/app_2026-08-15 22.50.45.e	2877378	1786805434
iDraw/eTools/backup/app/app_2026-09-16 08.31.e	1347623	1761458322
iDraw/eTools/backup/app/app_2026-09-16 08.36.e	1389605	1789518951
iDraw/eTools/backup/app/app_2026-09-16 08.41.e	1389553	1789519307
iDraw/eTools/backup/app/app_2026-09-16 08.46.e	1369971	1789519592
iDraw/eTools/backup/app/app_2026-09-16 08.48.47.e	1554760	1789519717
iDraw/eTools/backup/app1/app1_2025-08-23 13.41.12.e	1513694	1755875077
iDraw/eTools/backup/app1/app1_2025-11-29 20.51.02.e	1451746	1764413630
iDraw/eTools/backup/app_2025-11-29 20.58/app_2025-11-29 20.58_2025-11-29 21.09.e	1448384	1764420939
iDraw/eTools/backup/cmd_e/cmd_e_2026-02-01 22.40.e	1031591	1769956772
iDraw/eTools/backup/cmd_e/cmd_e_2026-02-01 22.45.e	1031668	1769957042
iDraw/eTools/backup/cmd_e/cmd_e_2026-02-01 22.50.e	1031673	1769957229
iDraw/eTools/backup/cmd_e/cmd_e_2026-02-01 23.04.53.e	1031503	1769958287
iDraw/eTools/backup/cmd_e/cmd_e_2026-02-02 10.08.e	1031463	1769997909
iDraw/eTools/backup/cmd_e/cmd_e_2026-02-02 10.38.e	1031513	1769999851
iDraw/eTools/backup/cmd_e/cmd_e_2026-02-02 10.43.e	1032536	1770000151
iDraw/eTools/backup/cmd_e/cmd_e_2026-02-02 11.03.e	1032741	1770001231
iDraw/eTools/backup/cmd_e/cmd_e_2026-02-02 11.08.e	1033534	1770001681
iDraw/eTools/backup/cmd_e/cmd_e_2026-02-02 11.12.31.e	1033383	1770001746
iDraw/eTools/backup/cmd_e/cmd_e_2026-02-02 11.16.09.e	1033284	1770002166
iDraw/eTools/backup/cmd_e/cmd_e_2026-02-04 00.53.e	1033403	1770137339
iDraw/eTools/backup/cmd_e/cmd_e_2026-02-04 00.58.e	1033352	1770137800
iDraw/eTools/backup/cmd_e/cmd_e_2026-02-04 01.03.e	1033689	1770138182
iDraw/eTools/backup/cmd_e/cmd_e_2026-02-04 01.04.29.e	1033730	1770138261
iDraw/eTools/backup/cmd_e/cmd_e_2026-02-14 12.53.32.e	1033664	1771044808
iDraw/eTools/backup/com.xlz.QrCodeLogin/com.xlz.QrCodeLogin_2025-07-27 14.56.59.e	250725	1753599260
iDraw/eTools/backup/cornsdk/cornsdk_2025-09-03 23.47.e	249354	1662106840
iDraw/eTools/backup/cornsdk/cornsdk_2025-09-03 23.48.24.e	249223	1756914436
iDraw/eTools/backup/cornsdk5.1.7_免打包版/cornsdk5.1.7_免打包版_2026-02-20 23.14.e	342507	1661247011
iDraw/eTools/backup/cornsdk6.0.6/cornsdk6.0.6_2026-02-20 23.46.03.e	340297	1771602354
iDraw/eTools/backup/cornsdk6.0.6/cornsdk6.0.6_2026-02-21 03.21.41.e	342076	1771615295
iDraw/eTools/backup/cornsdk6.0.6/cornsdk6.0.6_2026-03-22 19.13.01.e	330777	1774177974
iDraw/eTools/backup/cornsdk6.0.6/cornsdk6.0.6_2026-03-22 19.32.08.e	330588	1774179111
iDraw/eTools/backup/cornsdk6.0.6/cornsdk6.0.6_2026-03-22 19.32.36.e	330588	1774179151
iDraw/eTools/backup/cornsdk6.0.6/cornsdk6.0.6_2026-03-22 19.33.46.e	330588	1774179221
iDraw/eTools/backup/cornsdk6.0.6_免打包版/cornsdk6.0.6_免打包版_2026-02-20 23.25.e	343037	1771600739
iDraw/eTools/backup/cornsdk6.0.6_免打包版/cornsdk6.0.6_免打包版_2026-02-20 23.30.e	349788	1771601345
iDraw/eTools/backup/cornsdk6.0.6_免打包版/cornsdk6.0.6_免打包版_2026-02-20 23.35.e	350098	1771601645
iDraw/eTools/backup/cornsdk6.0.6_免打包版/cornsdk6.0.6_免打包版_2026-02-20 23.40.e	351646	1771601728
iDraw/eTools/backup/cornsdk6.0.6_免打包版/cornsdk6.0.6_免打包版_2026-02-21 03.17.e	384347	1771615046
iDraw/eTools/backup/cornsdk6.0.6_免打包版/cornsdk6.0.6_免打包版_2026-02-21 03.20.51.e	384347	1771615241
iDraw/eTools/backup/cornsdk6.0.6_免打包版/cornsdk6.0.6_免打包版_2026-03-22 19.14.36.e	362774	1774178069
iDraw/eTools/backup/cornsdk6.0.6_免打包版/cornsdk6.0.6_免打包版_2026-03-22 19.31.26.e	362700	1774179078
iDraw/eTools/backup/cornsdk6.0.6_免打包版/cornsdk6.0.6_免打包版_2026-03-22 19.34.58.e	362700	1774179293
iDraw/eTools/backup/cornsdk6.0.7/cornsdk6.0.7_2026-03-29 11.42.10.e	330588	1774179221
iDraw/eTools/backup/cornsdk6.0.7_免打包版/cornsdk6.0.7_免打包版_2026-03-22 19.36.21.e	362700	1774179293
iDraw/eTools/backup/cornsdk6.0.7_免打包版/cornsdk6.0.7_免打包版_2026-05-22 12.48.e	362700	1779425087
iDraw/eTools/backup/cornsdk6.0.7_免打包版/cornsdk6.0.7_免打包版_2026-05-22 13.54.53.e	362750	1779429277
iDraw/eTools/backup/cornsdk6.0.8/cornsdk6.0.8_2026-05-22 13.57.39.e	330638	1779429394
iDraw/eTools/backup/cornsdk6.0.8/cornsdk6.0.8_2026-05-22 14.07.09.e	330638	1779429988
iDraw/eTools/backup/cornsdk6.0.8_免打包版/cornsdk6.0.8_免打包版_2026-05-22 13.58.58.e	362750	1779429522
iDraw/eTools/backup/cornsdk6.0.8_免打包版/cornsdk6.0.8_免打包版_2026-05-22 14.07.11.e	362750	1779429895
iDraw/eTools/backup/cornsdk6.0.8_免打包版/cornsdk6.0.8_免打包版_2026-08-19 00.52.17.e	362806	1787071930
iDraw/eTools/backup/decode/decode_2025-05-26 10.23.38.e	67804	1680593160
iDraw/eTools/backup/demo.bak/demo.bak_2026-02-12 00.32.47.e	984652	1770798025
iDraw/eTools/backup/demo/demo_2025-12-10 22.13.19.e	876026	1765375975
iDraw/eTools/backup/demo/demo_2026-02-11 15.54.57.e	984649	1770796426
iDraw/eTools/backup/demo/demo_2026-02-11 15.57.32.e	1573465	1770796650
iDraw/eTools/backup/demo/demo_2026-02-11 16.02.09.e	984655	1770796928
iDraw/eTools/backup/demo/demo_2026-02-11 16.22.e	984652	1770798025
iDraw/eTools/backup/demo/demo_2026-02-11 17.31.e	1573088	1770802234
iDraw/eTools/backup/demo/demo_2026-02-11 17.36.e	1572994	1770802504
iDraw/eTools/backup/demo/demo_2026-02-11 17.46.e	1618606	1770803132
iDraw/eTools/backup/demo/demo_2026-02-11 17.51.e	1617065	1770803446
iDraw/eTools/backup/demo/demo_2026-02-11 17.56.e	1121460	1770803734
iDraw/eTools/backup/demo/demo_2026-02-11 18.01.e	1122113	1770804052
iDraw/eTools/backup/demo/demo_2026-02-11 18.06.e	1123007	1770804304
iDraw/eTools/backup/demo/demo_2026-02-11 18.11.e	1764549	1770804604
iDraw/eTools/backup/demo/demo_2026-02-11 19.11.e	1764549	1770808119
iDraw/eTools/backup/demo/demo_2026-02-12 00.31.e	1764665	1770827344
iDraw/eTools/backup/demo/demo_2026-02-12 00.36.e	1765062	1770827734
iDraw/eTools/backup/demo/demo_2026-02-12 00.41.e	1765810	1770828004
iDraw/eTools/backup/demo/demo_2026-02-12 00.46.e	1766325	1770828334
iDraw/eTools/backup/demo/demo_2026-02-12 00.51.e	1766431	1770828634
iDraw/eTools/backup/demo/demo_2026-02-12 00.56.e	1766252	1770828934
iDraw/eTools/backup/demo/demo_2026-02-12 01.01.e	1766337	1770829234
iDraw/eTools/backup/demo/demo_2026-02-12 01.06.e	1766110	1770829264
iDraw/eTools/backup/demo/demo_2026-02-12 01.11.e	1767352	1770829654
iDraw/eTools/backup/demo/demo_2026-02-12 01.13.53.e	1767377	1770830030
iDraw/eTools/backup/demo/demo_2026-07-19 19.39.11.e	1209758	1784461147
iDraw/eTools/backup/dll函数查看/dll函数查看_2026-01-25 13.59.40.e	1276843	1739232606
iDraw/eTools/backup/encode/encode_2025-05-04 21.44.17.e	1074886	1667739122
iDraw/eTools/backup/excel文件导入导出模块/excel文件导入导出模块_2025-09-18 08.36.50.e	32049	1758155760
iDraw/eTools/backup/json转ms/json转ms_2025-09-10 08.14.e	1011357	1757463105
iDraw/eTools/backup/json转ms/json转ms_2025-09-10 08.19.e	1010867	1757463522
iDraw/eTools/backup/json转ms/json转ms_2025-09-10 12.24.00.e	1009401	1757463761
iDraw/eTools/backup/keyWord[1.0.1]_独立/keyWord[1.0.1]_独立_2025-06-14 08.36.36.e	1747514	1658542998
iDraw/eTools/backup/keyWord[1.0.2]/keyWord[1.0.2]_2025-06-14 08.28.31.e	1811358	1658667166
iDraw/eTools/backup/keyWord[1.0.2]/keyWord[1.0.2]_2025-06-14 08.46.e	1811145	1749861750
iDraw/eTools/backup/keyWord_独立/keyWord_独立_2025-06-14 08.31.10.e	1746825	1655354310
iDraw/eTools/backup/koishi适配器[1.x.x]/koishi适配器[1.x.x]_2025-10-26 13.07.54.e	2092518	1761137275
iDraw/eTools/backup/lfcd解包_开源/lfcd解包_开源_2025-08-23 14.23.35.e	84400	1731413393
iDraw/eTools/backup/link/link_2025-07-30 15.23.12.e	4589	1673009046
iDraw/eTools/backup/main/main_2025-09-13 14.10.e	1056924	1652355492
iDraw/eTools/backup/main/main_2025-09-13 14.15.e	1056918	1757744119
iDraw/eTools/backup/main/main_2025-09-13 14.20.e	1057340	1757744419
iDraw/eTools/backup/main/main_2025-09-13 14.25.e	1058410	1757744479
iDraw/eTools/backup/main/main_2025-09-13 14.30.e	1058452	1757745019
iDraw/eTools/backup/main/main_2025-09-13 14.35.e	1058320	1757745289
iDraw/eTools/backup/main/main_2025-09-13 14.45.e	1058348	1757745859
iDraw/eTools/backup/main/main_2025-09-13 14.50.e	1060447	1757746219
iDraw/eTools/backup/main/main_2025-09-13 14.55.e	1060530	1757746401
iDraw/eTools/backup/main/main_2025-09-13 15.00.e	1059951	1757746819
iDraw/eTools/backup/main/main_2025-09-13 15.05.e	1060380	1757747104
iDraw/eTools/backup/main/main_2025-09-13 15.15.e	1058625	1757747719
iDraw/eTools/backup/main/main_2025-09-13 15.20.e	1058768	1757748019
iDraw/eTools/backup/main/main_2025-09-13 15.25.e	1058793	1757748259
iDraw/eTools/backup/main/main_2025-09-13 15.30.e	1058816	1757748589
iDraw/eTools/backup/main/main_2025-09-13 15.35.e	1059044	1757748919
iDraw/eTools/backup/main/main_2025-09-13 15.45.e	1058768	1757749531
iDraw/eTools/backup/main/main_2025-09-13 15.50.e	1058281	1757749821
iDraw/eTools/backup/main/main_2025-09-13 15.55.e	1058720	1757750121
iDraw/eTools/backup/main/main_2025-09-13 16.00.e	1058682	1757750419
iDraw/eTools/backup/main/main_2025-09-13 16.05.46.e	1058964	1757750732
iDraw/eTools/backup/main/main_2025-09-13 16.13.09.e	1056163	1757751130
iDraw/eTools/backup/main/main_2025-09-13 16.21.59.e	1055295	1757751672
iDraw/eTools/backup/main/main_2025-09-13 18.04.e	1055262	1757757348
iDraw/eTools/backup/main/main_2025-09-13 18.14.e	1056041	1757758373
iDraw/eTools/backup/main/main_2025-09-13 18.17.46.e	1056281	1757758661
iDraw/eTools/backup/main/main_2025-09-13 18.22.47.e	1055871	1757758949
iDraw/eTools/backup/main/main_2025-09-17 10.43.33.e	1056016	1758076988
iDraw/eTools/backup/main/main_2025-09-30 23.16.e	1056016	1759245383
iDraw/eTools/backup/mb浏览框demo/mb浏览框demo_2026-07-23 18.55.58.e	19813	1784804119
iDraw/eTools/backup/mcsdk/mcsdk_2025-07-03 22.36.51.e	222631	1695615318
iDraw/eTools/backup/mcsdk/mcsdk_2025-07-16 14.00.20.e	229053	1752645617
iDraw/eTools/backup/mcsdk/mcsdk_2025-07-16 14.13.24.e	222675	1752646379
iDraw/eTools/backup/mcsdk/mcsdk_2025-07-21 10.49.22.e	222631	1695615318
iDraw/eTools/backup/mcsdk/mcsdk_2025-09-09 14.54.12.e	222772	1757400848
iDraw/eTools/backup/miniblink/miniblink_2026-02-26 14.26.09.e	234277	1772087136
iDraw/eTools/backup/miniblink/miniblink_2026-07-15 00.19.03.e	234935	1784045886
iDraw/eTools/backup/miniblink/miniblink_2026-07-15 00.20.05.e	234277	1784045957
iDraw/eTools/backup/msg/msg_2025-07-28 20.32.47.e	1185208	1691862359
iDraw/eTools/backup/ocr/ocr_2026-01-25 01.29.49.e	31394348	1769275783
iDraw/eTools/backup/ocr/ocr_2026-01-25 13.02.e	31228024	1769317302
iDraw/eTools/backup/ocr/ocr_2026-01-25 13.07.e	31228842	1769317583
iDraw/eTools/backup/ocr/ocr_2026-01-25 13.12.e	31229337	1769317753
iDraw/eTools/backup/ocr/ocr_2026-01-25 13.47.e	31229198	1769320016
iDraw/eTools/backup/ocr/ocr_2026-01-25 14.02.e	31229474	1769320493
iDraw/eTools/backup/ocr/ocr_2026-01-25 14.17.e	31229455	1769321842
iDraw/eTools/backup/ocr/ocr_2026-01-25 14.38.06.e	31229474	1769323079
iDraw/eTools/backup/ocr命令行/ocr命令行_2025-08-04 13.45.45.e	933920	1754286331
iDraw/eTools/backup/protector/protector_2026-05-17 17.48.e	1135634	1779011166
iDraw/eTools/backup/protector/protector_2026-05-17 17.53.e	1135759	1779011508
iDraw/eTools/backup/protector/protector_2026-05-17 17.58.e	1136041	1779011884
iDraw/eTools/backup/protector/protector_2026-05-17 18.03.e	1136249	1779011981
iDraw/eTools/backup/protector/protector_2026-05-17 18.08.e	1136256	1779012485
iDraw/eTools/backup/protector/protector_2026-05-17 18.13.e	1127589	1779012809
iDraw/eTools/backup/protector/protector_2026-05-17 18.18.e	1137748	1779013059
iDraw/eTools/backup/protector/protector_2026-05-17 18.22.13.e	1137784	1779013326
iDraw/eTools/backup/protector/protector_2026-05-17 18.25.57.e	1136600	1779013540
iDraw/eTools/backup/protector/protector_2026-05-17 18.33.59.e	1136563	1779013927
iDraw/eTools/backup/protector/protector_2026-05-17 18.42.e	1136638	1779014459
iDraw/eTools/backup/protector/protector_2026-05-17 18.47.e	1136829	1779014838
iDraw/eTools/backup/protector/protector_2026-05-17 18.52.e	1137304	1779015044
iDraw/eTools/backup/protector/protector_2026-05-17 18.59.54.e	1137223	1779015584
iDraw/eTools/backup/protector/protector_2026-05-19 12.14.e	1137223	1779163890
iDraw/eTools/backup/protector/protector_2026-05-19 12.19.e	1137223	1779164328
iDraw/eTools/backup/protector/protector_2026-05-19 12.29.e	1137223	1779164920
iDraw/eTools/backup/protector/protector_2026-05-19 13.59.e	1137223	1779170359
iDraw/eTools/backup/protector/protector_2026-05-19 14.00.55.e	1137223	1779170449
iDraw/eTools/backup/protector/protector_2026-07-14 13.22.e	1137225	1784006522
iDraw/eTools/backup/protector/protector_2026-07-17 15.24.12.e	1137360	1784273043
iDraw/eTools/backup/protector/protector_2026-07-23 14.11.52.e	1137818	1784787106
iDraw/eTools/backup/protector/protector_2026-08-22 14.21.52.e	1137564	1787379706
iDraw/eTools/backup/protector/protector_2026-09-14 21.39.e	1137797	1789392954
iDraw/eTools/backup/protector/protector_2026-09-14 21.43.30.e	1137809	1789393319
iDraw/eTools/backup/protector/protector_2026-09-14 22.35.47.e	1137718	1789396533
iDraw/eTools/backup/protector/protector_2026-09-14 22.48.e	1137746	1789397141
iDraw/eTools/backup/protector/protector_2026-09-16 09.28.e	1137957	1789521999
iDraw/eTools/backup/protector/protector_2026-09-16 09.33.e	1137837	1789522104
iDraw/eTools/backup/protobuf/protobuf_2025-10-05 10.45.05.e	282706	1693040355
iDraw/eTools/backup/protobuf/protobuf_2026-02-26 14.26.57.e	282706	1772087187
iDraw/eTools/backup/pvz/pvz_2025-08-12 13.03.32.e	630250	1754974977
iDraw/eTools/backup/pvz/pvz_2025-08-12 13.18.e	844923	1754975365
iDraw/eTools/backup/pvzhook绘制/pvzhook绘制_2025-08-12 13.27.e	612317	1754976136
iDraw/eTools/backup/pvzhook绘制/pvzhook绘制_2025-08-12 13.32.e	707799	1754976444
iDraw/eTools/backup/test1/test1_2025-12-10 22.16.34.e	612883	1765376153
iDraw/eTools/backup/vm/vm_2025-10-23 17.41.12.e	1690	1754646146
iDraw/eTools/backup/vm/vm_2025-10-23 17.46.35.e	106549	1761212792
iDraw/eTools/backup/winhttpapi/winhttpapi_2026-02-26 14.28.06.e	238654	1772087243
iDraw/eTools/backup/ws/ws_2026-05-05 00.55.e	1027100	1777913695
iDraw/eTools/backup/ws/ws_2026-05-05 01.00.e	1027108	1777913778
iDraw/eTools/backup/ws/ws_2026-05-05 01.10.e	1026977	1777914563
iDraw/eTools/backup/ws/ws_2026-05-05 01.35.e	1027165	1777916123
iDraw/eTools/backup/ws/ws_2026-05-05 01.40.e	1027182	1777916424
iDraw/eTools/backup/ws/ws_2026-05-05 01.45.e	1027193	1777916633
iDraw/eTools/backup/ws/ws_2026-05-05 02.00.e	1027396	1777917401
iDraw/eTools/backup/ws/ws_2026-05-05 02.15.e	1027977	1777918523
iDraw/eTools/backup/ws/ws_2026-05-05 02.20.e	1027633	1777918613
iDraw/eTools/backup/ws/ws_2026-05-05 02.50.e	1027584	1777920563
iDraw/eTools/backup/ws/ws_2026-05-05 02.55.e	1027631	1777920923
iDraw/eTools/backup/ws/ws_2026-05-05 03.00.e	1027474	1777921223
iDraw/eTools/backup/ws/ws_2026-05-05 03.05.e	1026566	1777921401
iDraw/eTools/backup/ws/ws_2026-05-05 19.15.e	1030444	1777979703
iDraw/eTools/backup/ws/ws_2026-05-05 19.20.e	1030190	1777979984
iDraw/eTools/backup/ws/ws_2026-05-05 19.25.e	1166197	1777980287
iDraw/eTools/backup/ws/ws_2026-05-05 19.30.e	1170780	1777980513
iDraw/eTools/backup/ws/ws_2026-05-05 19.35.e	1180925	1777980903
iDraw/eTools/backup/ws/ws_2026-05-05 19.40.e	1178543	1777981224
iDraw/eTools/backup/ws/ws_2026-05-05 19.45.e	1178921	1777981502
iDraw/eTools/backup/ws/ws_2026-05-05 21.47.e	1166093	1777988741
iDraw/eTools/backup/ws/ws_2026-05-05 22.17.e	1166152	1777990622
iDraw/eTools/backup/ws/ws_2026-05-05 22.22.e	1166253	1777990912
iDraw/eTools/backup/ws/ws_2026-05-05 22.27.e	1166406	1777991222
iDraw/eTools/backup/ws/ws_2026-05-05 22.37.e	1166451	1777991612
iDraw/eTools/backup/ws/ws_2026-05-05 22.42.e	1166343	1777992120
iDraw/eTools/backup/ws/ws_2026-05-05 22.52.e	1166421	1777992696
iDraw/eTools/backup/ws/ws_2026-05-05 23.02.e	1166307	1777993078
iDraw/eTools/backup/ws/ws_2026-05-05 23.20.e	1166380	1777994406
iDraw/eTools/backup/ws/ws_2026-05-06 00.28.57.e	1166406	1777995249
iDraw/eTools/backup/yyjson - 1.5/yyjson - 1.5_2025-07-16 09.23.e	589230	1642398650
iDraw/eTools/backup/yyjson - 1.5/yyjson - 1.5_2026-09-12 15.00.e	588756	1789196361
iDraw/eTools/backup/yyjson - 1.5/yyjson - 1.5_2026-09-12 15.05.e	589133	1789196627
iDraw/eTools/backup/yyjson - 1.5/yyjson - 1.5_2026-09-12 15.10.e	589787	1789196996
iDraw/eTools/backup/yyjson - 1.5/yyjson - 1.5_2026-09-12 15.25.e	589784	1789197804
iDraw/eTools/backup/yyjson - 1.5/yyjson - 1.5_2026-09-12 15.26.12.e	589784	1789197967
iDraw/eTools/backup/yyjson - 1.5/yyjson - 1.5_2026-09-12 16.25.e	589929	1789201441
iDraw/eTools/backup/yyjson - 1.5/yyjson - 1.5_2026-09-12 16.35.e	589832	1789202089
iDraw/eTools/backup/yyjson - 1.5/yyjson - 1.5_2026-09-12 16.40.e	589826	1789202439
iDraw/eTools/backup/yyjson - 1.5/yyjson - 1.5_2026-09-12 16.54.e	589955	1789203068
iDraw/eTools/backup/yyjson - 1.5/yyjson - 1.5_2026-09-15 01.43.45.e	590202	1789407819
iDraw/eTools/backup/yyjson - 1.5/yyjson - 1.5_2026-09-15 11.27.32.e	589914	1789442817
iDraw/eTools/backup/zyJson2.2/zyJson2.2_2025-07-16 13.59.21.e	327689	1615175131
iDraw/eTools/backup/zyJson3.2.5/zyJson3.2.5_2026-09-12 16.20.48.e	386148	1650608610
iDraw/eTools/backup/zyJson修改2021-8-31/zyJson修改2021-8-31_2026-02-26 14.29.06.e	389025	1772087295
iDraw/eTools/backup/zyWebView2/zyWebView2_2026-07-17 22.45.51.e	910345	1784299410
iDraw/eTools/backup/~~AutoBak/~~AutoBak_2026-07-17 20.04.tmp	16336939	1784289818
iDraw/eTools/backup/串口通讯/串口通讯_2025-05-05 23.36.15.e	940147	1746459287
iDraw/eTools/backup/临暮插件模块/临暮插件模块_2026-04-03 23.06.10.e	5228792	1775228498
iDraw/eTools/backup/乐谱解析2.2/乐谱解析2.2_2025-08-07 16.20.27.e	5447165	1665572848
iDraw/eTools/backup/乐谱解析2.3/乐谱解析2.3_2025-04-19 09.26.12.e	3701213	1653067200
iDraw/eTools/backup/乐谱解析2.4/乐谱解析2.4_2025-03-18 00.28.e	3702790	1727925793
iDraw/eTools/backup/乐谱解析2.4/乐谱解析2.4_2025-03-18 16.56.e	3702492	1742288140
iDraw/eTools/backup/乐谱解析2.4/乐谱解析2.4_2025-04-19 09.25.25.e	3849585	1662346488
iDraw/eTools/backup/乐谱解析2.4/乐谱解析2.4_2025-04-19 09.27.19.e	3702492	1742288140
iDraw/eTools/backup/乐谱解析2.4/乐谱解析2.4_2025-05-06 13.25.e	3702393	1746459395
iDraw/eTools/backup/乐谱解析2.4/乐谱解析2.4_2025-06-07 15.29.e	3956923	1749281339
iDraw/eTools/backup/乐谱解析2.4/乐谱解析2.4_2025-06-09 13.14.e	3755111	1749281594
iDraw/eTools/backup/乐谱解析2.4/乐谱解析2.4_2025-06-14 17.48.e	3758862	1749894526
iDraw/eTools/backup/乐谱解析2.4/乐谱解析2.4_2025-06-14 17.53.e	3758859	1749894556
iDraw/eTools/backup/乐谱解析2.4/乐谱解析2.4_2025-06-14 18.03.e	3758905	1749895216
iDraw/eTools/backup/乐谱解析2.4/乐谱解析2.4_2025-06-14 18.23.e	3759099	1749896596
iDraw/eTools/backup/乐谱解析2.4/乐谱解析2.4_2025-06-14 18.28.e	7841269	1749896896
iDraw/eTools/backup/乐谱解析2.4/乐谱解析2.4_2025-06-14 18.33.e	7841596	1749897096
iDraw/eTools/backup/乐谱解析2.4/乐谱解析2.4_2025-06-14 18.44.e	7841697	1749897646
iDraw/eTools/backup/乐谱解析2.4/乐谱解析2.4_2025-07-15 15.38.e	7841240	1752551991
iDraw/eTools/backup/乐谱解析2.4/乐谱解析2.4_2025-07-15 18.38.e	7841704	1752575741
iDraw/eTools/backup/乐谱解析2.4/乐谱解析2.4_2025-07-15 19.41.41.e	7841645	1752576368
iDraw/eTools/backup/乐谱解析2.4/乐谱解析2.4_2026-01-13 21.18.e	7841695	1768310190
iDraw/eTools/backup/乐谱解析2.4/乐谱解析2.4_2026-01-13 21.36.11.e	7841862	1768311369
iDraw/eTools/backup/乐谱解析3.0/乐谱解析3.0_2025-12-24 21.21.40.e	7694664	1625995910
iDraw/eTools/backup/二次上线/二次上线_2025-10-22 17.51.e	980645	1761126681
iDraw/eTools/backup/二次上线/二次上线_2025-10-22 17.56.e	980651	1761127008
iDraw/eTools/backup/二次上线/二次上线_2025-10-22 18.01.e	980691	1761127275
iDraw/eTools/backup/二次上线/二次上线_2025-10-22 18.03.48.e	980691	1761127426
iDraw/eTools/backup/二次上线/二次上线_2025-10-22 19.30.e	984344	1761132608
iDraw/eTools/backup/二次上线/二次上线_2025-10-22 19.35.e	984960	1761132908
iDraw/eTools/backup/二次上线/二次上线_2025-10-22 19.40.e	984960	1761132938
iDraw/eTools/backup/二次上线/二次上线_2025-10-22 19.50.e	984723	1761133808
iDraw/eTools/backup/二次上线/二次上线_2025-10-22 19.53.20.e	982774	1761133997
iDraw/eTools/backup/产品信息打乱/产品信息打乱_2026-03-23 15.23.e	4872	1774250550
iDraw/eTools/backup/产品信息打乱/产品信息打乱_2026-03-23 15.28.e	982436	1774250850
iDraw/eTools/backup/产品信息打乱/产品信息打乱_2026-03-23 15.33.e	982969	1774251118
iDraw/eTools/backup/产品信息打乱/产品信息打乱_2026-03-23 15.38.e	983097	1774251450
iDraw/eTools/backup/产品信息打乱/产品信息打乱_2026-03-23 15.43.e	983585	1774251720
iDraw/eTools/backup/产品信息打乱/产品信息打乱_2026-03-23 15.48.e	983772	1774252050
iDraw/eTools/backup/产品信息打乱/产品信息打乱_2026-03-23 15.53.e	983839	1774252379
iDraw/eTools/backup/产品信息打乱/产品信息打乱_2026-03-23 15.58.e	986277	1774252650
iDraw/eTools/backup/产品信息打乱/产品信息打乱_2026-03-23 16.03.e	986601	1774252920
iDraw/eTools/backup/产品信息打乱/产品信息打乱_2026-03-23 16.08.e	986899	1774253250
iDraw/eTools/backup/产品信息打乱/产品信息打乱_2026-03-23 16.13.e	987363	1774253550
iDraw/eTools/backup/产品信息打乱/产品信息打乱_2026-03-23 16.18.e	988545	1774253858
iDraw/eTools/backup/产品信息打乱/产品信息打乱_2026-03-23 16.23.e	989035	1774254150
iDraw/eTools/backup/产品信息打乱/产品信息打乱_2026-03-23 16.38.e	991160	1774255077
iDraw/eTools/backup/产品信息打乱/产品信息打乱_2026-03-23 16.43.e	990308	1774255354
iDraw/eTools/backup/产品信息打乱/产品信息打乱_2026-03-23 16.48.e	990350	1774255654
iDraw/eTools/backup/产品信息打乱/产品信息打乱_2026-03-23 16.53.e	990719	1774255950
iDraw/eTools/backup/产品信息打乱/产品信息打乱_2026-03-23 16.58.e	990744	1774256097
iDraw/eTools/backup/产品信息打乱/产品信息打乱_2026-03-23 17.03.e	989457	1774256460
iDraw/eTools/backup/产品信息打乱/产品信息打乱_2026-03-23 17.23.e	990847	1774257766
iDraw/eTools/backup/产品信息打乱/产品信息打乱_2026-03-23 17.36.e	989391	1774258478
iDraw/eTools/backup/产品信息打乱/产品信息打乱_2026-03-23 17.51.e	990159	1774259472
iDraw/eTools/backup/产品信息打乱/产品信息打乱_2026-03-23 17.54.07.e	990258	1774259642
iDraw/eTools/backup/产品信息打乱/产品信息打乱_2026-03-23 18.09.e	990790	1774260467
iDraw/eTools/backup/产品信息打乱/产品信息打乱_2026-03-23 18.10.40.e	990996	1774260630
iDraw/eTools/backup/代码.txt/代码.txt_2026-07-17 20.56.31.e	237037	1784292983
iDraw/eTools/backup/代码.txt/代码.txt_2026-07-17 22.13.e	244510	1784297173
iDraw/eTools/backup/代码.txt/代码.txt_2026-07-17 22.18.e	244333	1784297875
iDraw/eTools/backup/代码.txt/代码.txt_2026-07-23 12.19.28.e	246011	1784780360
iDraw/eTools/backup/代码.txt/代码.txt_2026-09-20 18.54.38.e	3101	1789901626
iDraw/eTools/backup/代码.txt/代码.txt_2026-09-20 21.52.04.e	12333	1789912075
iDraw/eTools/backup/代码/代码_2026-06-13 17.08.14.e	1857369	1781341459
iDraw/eTools/backup/代码/代码_2026-09-12 02.45.23.e	587414	1789152265
iDraw/eTools/backup/代码/代码_2026-09-20 17.26.38.e	3133	1789896369
iDraw/eTools/backup/代码/代码_2026-09-21 00.08.23.e	4765	1789918886
iDraw/eTools/backup/代码/代码_2026-09-21 00.58.e	3929	1789920864
iDraw/eTools/backup/代码/代码_2026-09-21 01.11.e	6747	1789923956
iDraw/eTools/backup/代码/代码_2026-09-21 01.38.e	5405	1789925565
iDraw/eTools/backup/代码/代码_2026-09-21 11.09.e	916130	1789959831
iDraw/eTools/backup/代码/代码_2026-09-21 11.17.e	917722	1789960342
iDraw/eTools/backup/例程/例程_2025-09-18 08.42.e	10514	1758155947
iDraw/eTools/backup/例程/例程_2025-09-18 08.43.52.e	10620	1758156200
iDraw/eTools/backup/保证文件不被更改/保证文件不被更改_2025-07-13 11.18.00.e	6857	1210646400
iDraw/eTools/backup/免注册/免注册_2025-08-06 12.24.15.e	120825	1744000039
iDraw/eTools/backup/共同群监控/共同群监控_2026-03-13 19.35.e	231139	1773401538
iDraw/eTools/backup/共同群监控/共同群监控_2026-03-13 19.50.e	231089	1773402609
iDraw/eTools/backup/共同群监控/共同群监控_2026-03-13 19.55.e	1343203	1773402905
iDraw/eTools/backup/共同群监控/共同群监控_2026-03-13 20.00.e	1344107	1773403121
iDraw/eTools/backup/共同群监控/共同群监控_2026-03-13 20.05.e	1344270	1773403261
iDraw/eTools/backup/共同群监控/共同群监控_2026-03-13 22.30.e	1344332	1773412222
iDraw/eTools/backup/关键词回复/关键词回复_2025-05-04 22.27.41.e	712930	1746368750
iDraw/eTools/backup/关键词回复/关键词回复_2025-06-07 17.14.e	713068	1749287659
iDraw/eTools/backup/关键词回复/关键词回复_2025-10-03 19.17.e	1694989	1759490230
iDraw/eTools/backup/关键词回复/关键词回复_2025-10-03 19.18.07.e	1695078	1759490281
iDraw/eTools/backup/关键词回复/关键词回复_2025-10-03 19.20.17.e	1695078	1759490412
iDraw/eTools/backup/关键词回复/关键词回复_2025-10-03 19.29.55.e	862870	1759490991
iDraw/eTools/backup/关键词回复/关键词回复_2025-10-04 20.36.e	713482	1759581312
iDraw/eTools/backup/关键词回复ui/关键词回复ui_2025-06-14 08.29.07.e	871036	1629797260
iDraw/eTools/backup/内存测试/内存测试_2025-08-12 13.02.e	591490	1754974939
iDraw/eTools/backup/划词翻译/划词翻译_2026-02-10 22.36.e	979615	1770734141
iDraw/eTools/backup/划词翻译/划词翻译_2026-02-10 22.41.e	980315	1770734441
iDraw/eTools/backup/划词翻译/划词翻译_2026-02-10 22.46.e	980871	1770734748
iDraw/eTools/backup/划词翻译/划词翻译_2026-02-10 22.51.e	981401	1770735025
iDraw/eTools/backup/划词翻译/划词翻译_2026-02-10 22.54.38.e	981554	1770735230
iDraw/eTools/backup/划词翻译/划词翻译_2026-02-10 23.04.e	981289	1770735573
iDraw/eTools/backup/划词翻译/划词翻译_2026-02-10 23.14.e	982168	1770736453
iDraw/eTools/backup/划词翻译/划词翻译_2026-02-10 23.19.e	982499	1770736759
iDraw/eTools/backup/划词翻译/划词翻译_2026-02-10 23.24.e	983264	1770737053
iDraw/eTools/backup/划词翻译/划词翻译_2026-02-10 23.29.e	983469	1770737083
iDraw/eTools/backup/划词翻译/划词翻译_2026-02-12 14.51.e	983417	1770878769
iDraw/eTools/backup/划词翻译/划词翻译_2026-02-12 15.26.e	983741	1770881139
iDraw/eTools/backup/划词翻译/划词翻译_2026-02-12 15.31.e	983836	1770881229
iDraw/eTools/backup/划词翻译/划词翻译_2026-02-12 15.36.e	984767	1770881739
iDraw/eTools/backup/划词翻译/划词翻译_2026-02-12 15.41.e	985214	1770881919
iDraw/eTools/backup/划词翻译/划词翻译_2026-02-12 15.46.e	985323	1770882309
iDraw/eTools/backup/划词翻译/划词翻译_2026-02-12 15.51.e	986732	1770882639
iDraw/eTools/backup/划词翻译/划词翻译_2026-02-12 15.56.e	986798	1770882939
iDraw/eTools/backup/划词翻译/划词翻译_2026-02-12 16.01.e	986805	1770883239
iDraw/eTools/backup/划词翻译/划词翻译_2026-02-12 16.06.e	986990	1770883359
iDraw/eTools/backup/划词翻译/划词翻译_2026-02-12 16.11.e	987302	1770883611
iDraw/eTools/backup/划词翻译/划词翻译_2026-02-12 16.26.e	987306	1770884679
iDraw/eTools/backup/删除群文件/删除群文件_2026-06-09 23.28.e	231492	1781018807
iDraw/eTools/backup/删除群文件/删除群文件_2026-06-09 23.33.e	232019	1781019205
iDraw/eTools/backup/删除群文件/删除群文件_2026-06-09 23.38.e	367330	1781019487
iDraw/eTools/backup/删除群文件/删除群文件_2026-06-09 23.43.e	367492	1781019580
iDraw/eTools/backup/删除群文件/删除群文件_2026-06-09 23.48.e	367479	1781020088
iDraw/eTools/backup/删除群文件/删除群文件_2026-06-09 23.53.e	368376	1781020389
iDraw/eTools/backup/删除群文件/删除群文件_2026-06-09 23.58.e	369616	1781020689
iDraw/eTools/backup/删除群文件/删除群文件_2026-06-10 00.03.e	370390	1781020989
iDraw/eTools/backup/删除群文件/删除群文件_2026-06-10 00.08.e	371536	1781021289
iDraw/eTools/backup/删除群文件/删除群文件_2026-06-10 00.13.e	372579	1781021575
iDraw/eTools/backup/删除群文件/删除群文件_2026-06-10 00.18.e	372602	1781021866
iDraw/eTools/backup/删除群文件/删除群文件_2026-06-10 00.35.e	372602	1781022174
iDraw/eTools/backup/删除群文件/删除群文件_2026-06-10 00.40.e	1346586	1781023186
iDraw/eTools/backup/删除群文件/删除群文件_2026-06-10 00.45.e	1346834	1781023468
iDraw/eTools/backup/删除群文件/删除群文件_2026-06-10 00.50.e	1348370	1781023771
iDraw/eTools/backup/删除群文件/删除群文件_2026-06-10 00.55.e	1349170	1781024071
iDraw/eTools/backup/删除群文件/删除群文件_2026-06-10 01.00.e	1349784	1781024371
iDraw/eTools/backup/删除群文件/删除群文件_2026-06-10 01.05.e	1405184	1781024661
iDraw/eTools/backup/删除群文件/删除群文件_2026-06-10 01.10.e	1405072	1781024935
iDraw/eTools/backup/删除群文件/删除群文件_2026-06-10 01.20.e	1406589	1781025505
iDraw/eTools/backup/删除群文件/删除群文件_2026-06-10 01.35.e	1406790	1781026470
iDraw/eTools/backup/删除群文件/删除群文件_2026-06-10 01.40.e	1406790	1781026567
iDraw/eTools/backup/删除群文件/删除群文件_2026-06-10 14.06.17.e	1406792	1781071511
iDraw/eTools/backup/前端/前端_2025-07-01 13.20.40.e	972407	1737430868
iDraw/eTools/backup/原神buff可视化 - 複製/原神buff可视化 - 複製_2025-11-04 09.28.e	974299	1681305186
iDraw/eTools/backup/原神buff可视化 - 複製/原神buff可视化 - 複製_2025-11-04 09.33.e	974956	1762219968
iDraw/eTools/backup/原神buff可视化 - 複製/原神buff可视化 - 複製_2025-11-04 09.43.e	975088	1762220538
iDraw/eTools/backup/原神buff可视化 - 複製/原神buff可视化 - 複製_2025-11-04 09.58.e	975127	1762221379
iDraw/eTools/backup/原神buff可视化 - 複製/原神buff可视化 - 複製_2025-11-04 10.03.e	975334	1762221709
iDraw/eTools/backup/原神buff可视化 - 複製/原神buff可视化 - 複製_2025-11-04 10.08.e	975433	1762222069
iDraw/eTools/backup/原神buff可视化 - 複製/原神buff可视化 - 複製_2025-11-04 10.13.e	975091	1762222279
iDraw/eTools/backup/原神buff可视化 - 複製/原神buff可视化 - 複製_2025-11-04 10.28.e	975092	1762223099
iDraw/eTools/backup/原神buff可视化/原神buff可视化_2025-11-04 09.23.10.e	974299	1681305186
iDraw/eTools/backup/原神辅助[2.0]/原神辅助[2.0]_2025-11-04 10.28.41.e	974299	1681305186
iDraw/eTools/backup/取路径/取路径_2025-04-18 22.54.e	1088152	1744987971
iDraw/eTools/backup/取路径/取路径_2025-04-18 22.59.e	1088175	1744988132
iDraw/eTools/backup/取路径/取路径_2025-04-18 23.04.e	1088326	1744988629
iDraw/eTools/backup/取路径/取路径_2025-04-18 23.09.e	1088785	1744988899
iDraw/eTools/backup/取路径/取路径_2025-04-18 23.14.e	1089127	1744989139
iDraw/eTools/backup/取路径/取路径_2025-04-18 23.19.e	1090133	1744989469
iDraw/eTools/backup/取路径/取路径_2025-04-18 23.24.e	1090169	1744989560
iDraw/eTools/backup/叮叮当当可可爱爱/叮叮当当可可爱爱_2025-02-18 12.47.44.e	87383	1739853912
iDraw/eTools/backup/叮叮当当可可爱爱/叮叮当当可可爱爱_2026-02-26 14.42.e	551794	1772087844
iDraw/eTools/backup/叮叮当当可可爱爱_反编源码/叮叮当当可可爱爱_反编源码_2025-02-18 12.58.10.e	87722	1680047589
iDraw/eTools/backup/叮叮当当可可爱爱_开发源码/叮叮当当可可爱爱_开发源码_2026-05-10 18.42.e	565471	1778409762
iDraw/eTools/backup/叮叮当当可可爱爱_开发源码/叮叮当当可可爱爱_开发源码_2026-05-10 18.43.30.e	565452	1778409797
iDraw/eTools/backup/叮叮当当可可爱爱_开发源码/叮叮当当可可爱爱_开发源码_2026-05-10 18.46.34.e	565414	1778409988
iDraw/eTools/backup/叮叮当当可可爱爱_开发源码/叮叮当当可可爱爱_开发源码_2026-07-11 13.59.e	570504	1783749532
iDraw/eTools/backup/叮叮当当可可爱爱_开发源码/叮叮当当可可爱爱_开发源码_2026-07-11 14.04.e	568737	1783749832
iDraw/eTools/backup/叮叮当当可可爱爱_开发源码/叮叮当当可可爱爱_开发源码_2026-07-11 14.09.e	571569	1783750150
iDraw/eTools/backup/叮叮当当可可爱爱_开发源码/叮叮当当可可爱爱_开发源码_2026-07-11 14.14.e	571687	1783750432
iDraw/eTools/backup/叮叮当当可可爱爱_开发源码/叮叮当当可可爱爱_开发源码_2026-07-11 14.19.e	572387	1783750732
iDraw/eTools/backup/叮叮当当可可爱爱_开发源码/叮叮当当可可爱爱_开发源码_2026-07-11 14.24.e	572943	1783751032
iDraw/eTools/backup/叮叮当当可可爱爱_开发源码/叮叮当当可可爱爱_开发源码_2026-07-11 14.29.e	572763	1783751302
iDraw/eTools/backup/叮叮当当可可爱爱_开发源码/叮叮当当可可爱爱_开发源码_2026-07-11 14.34.e	568865	1783751632
iDraw/eTools/backup/叮叮当当可可爱爱_开发源码/叮叮当当可可爱爱_开发源码_2026-07-11 14.39.e	570549	1783751950
iDraw/eTools/backup/叮叮当当可可爱爱_开发源码/叮叮当当可可爱爱_开发源码_2026-07-11 14.44.e	569311	1783752142
iDraw/eTools/backup/叮叮当当可可爱爱_开发源码/叮叮当当可可爱爱_开发源码_2026-07-11 14.54.e	571729	1783752652
iDraw/eTools/backup/叮叮当当可可爱爱_开发源码/叮叮当当可可爱爱_开发源码_2026-07-11 14.59.e	572053	1783753132
iDraw/eTools/backup/叮叮当当可可爱爱_开发源码/叮叮当当可可爱爱_开发源码_2026-07-11 15.04.e	571616	1783753432
iDraw/eTools/backup/叮叮当当可可爱爱_开发源码/叮叮当当可可爱爱_开发源码_2026-07-11 15.09.e	570785	1783753732
iDraw/eTools/backup/叮叮当当可可爱爱_开发源码/叮叮当当可可爱爱_开发源码_2026-07-11 15.14.e	571340	1783754043
iDraw/eTools/backup/叮叮当当可可爱爱_开发源码/叮叮当当可可爱爱_开发源码_2026-07-11 15.19.e	571366	1783754092
iDraw/eTools/backup/叮叮当当可可爱爱_开发源码/叮叮当当可可爱爱_开发源码_2026-07-11 15.24.e	572286	1783754452
iDraw/eTools/backup/叮叮当当可可爱爱_开发源码/叮叮当当可可爱爱_开发源码_2026-07-11 15.29.05.e	571701	1783754938
iDraw/eTools/backup/叮叮当当可可爱爱_开发源码/叮叮当当可可爱爱_开发源码_2026-07-11 15.39.04.e	572392	1783755537
iDraw/eTools/backup/叮叮当当可可爱爱_开发源码/叮叮当当可可爱爱_开发源码_2026-07-11 15.49.e	572672	1783756070
iDraw/eTools/backup/叮叮当当可可爱爱_开发源码/叮叮当当可可爱爱_开发源码_2026-07-11 15.54.e	573351	1783756435
iDraw/eTools/backup/叮叮当当可可爱爱_开发源码/叮叮当当可可爱爱_开发源码_2026-07-11 16.04.e	573979	1783756855
iDraw/eTools/backup/叮叮当当可可爱爱_开发源码/叮叮当当可可爱爱_开发源码_2026-07-11 16.14.53.e	574502	1783757686
iDraw/eTools/backup/叮叮当当可可爱爱_开发源码/叮叮当当可可爱爱_开发源码_2026-07-11 16.25.e	574876	1783758332
iDraw/eTools/backup/叮叮当当可可爱爱_开发源码/叮叮当当可可爱爱_开发源码_2026-07-11 16.30.e	575395	1783758572
iDraw/eTools/backup/叮叮当当可可爱爱_开发源码/叮叮当当可可爱爱_开发源码_2026-07-11 16.35.e	575400	1783758679
iDraw/eTools/backup/可木双服通用-重构/可木双服通用-重构_2025-03-21 23.10.e	1499821	1719122008
iDraw/eTools/backup/名片锁定/名片锁定_2026-02-18 23.31.e	1194812	1771428664
iDraw/eTools/backup/名片锁定/名片锁定_2026-02-18 23.36.e	1195062	1771428950
iDraw/eTools/backup/名片锁定/名片锁定_2026-02-18 23.40.20.e	1195103	1771429064
iDraw/eTools/backup/名片锁定/名片锁定_2026-02-21 11.06.e	1195538	1771642948
iDraw/eTools/backup/名片锁定/名片锁定_2026-02-21 11.11.e	1195657	1771643360
iDraw/eTools/backup/名片锁定/名片锁定_2026-02-21 11.23.48.e	1195535	1771644224
iDraw/eTools/backup/图床/图床_2025-02-15 18.57.00.e	215041	1719894625
iDraw/eTools/backup/图片base64互转 - 例程/图片base64互转 - 例程_2025-07-15 22.19.05.e	11898	1621473000
iDraw/eTools/backup/图片叠加/图片叠加_2026-02-26 15.04.21.e	4643870	1772089357
iDraw/eTools/backup/图片叠加/图片叠加_2026-02-26 15.07.08.e	2156051	1772089625
iDraw/eTools/backup/图片颜色相似度比较-位图/图片颜色相似度比较-位图_2025-07-12 21.43.e	983438	1752327509
iDraw/eTools/backup/块尾测试 - 複製/块尾测试 - 複製_2026-09-20 22.28.51.e	3129	1789914527
iDraw/eTools/backup/块尾测试/块尾测试_2026-09-20 22.26.34.e	2700	1789914163
iDraw/eTools/backup/处理算法_IOS/处理算法_IOS_2025-06-29 22.39.23.e	1721708	1646759842
iDraw/eTools/backup/处理算法_安卓[2.0]/处理算法_安卓[2.0]_2025-09-01 18.21.41.e	1671823	1669248793
iDraw/eTools/backup/大漠中文模块使用方法/大漠中文模块使用方法_2025-08-04 14.19.e	321782	1742674981
iDraw/eTools/backup/大漠中文模块使用方法/大漠中文模块使用方法_2025-08-05 20.13.53.e	163856	1754396001
iDraw/eTools/backup/大漠中文模块使用方法/大漠中文模块使用方法_2025-08-05 20.31.e	163943	1754396780
iDraw/eTools/backup/女鹅Mod制作器/女鹅Mod制作器_2026-02-18 14.35.e	2225	1771396394
iDraw/eTools/backup/女鹅Mod制作器/女鹅Mod制作器_2026-02-18 14.40.e	49581	1771396790
iDraw/eTools/backup/女鹅Mod制作器/女鹅Mod制作器_2026-02-18 14.45.e	103019	1771397060
iDraw/eTools/backup/女鹅Mod制作器/女鹅Mod制作器_2026-02-18 14.50.e	103111	1771397390
iDraw/eTools/backup/女鹅Mod制作器/女鹅Mod制作器_2026-02-18 14.55.e	103462	1771397690
iDraw/eTools/backup/女鹅Mod制作器/女鹅Mod制作器_2026-02-18 15.00.e	104661	1771397930
iDraw/eTools/backup/女鹅Mod制作器/女鹅Mod制作器_2026-02-18 15.10.e	104886	1771398590
iDraw/eTools/backup/女鹅Mod制作器/女鹅Mod制作器_2026-02-18 15.15.e	148446	1771398890
iDraw/eTools/backup/女鹅Mod制作器/女鹅Mod制作器_2026-02-18 15.20.e	149799	1771399100
iDraw/eTools/backup/女鹅Mod制作器/女鹅Mod制作器_2026-02-18 15.25.e	150106	1771399490
iDraw/eTools/backup/女鹅Mod制作器/女鹅Mod制作器_2026-02-18 15.30.e	150106	1771399618
iDraw/eTools/backup/女鹅一键重绘/女鹅一键重绘_2026-01-07 14.55.e	122674	1767768772
iDraw/eTools/backup/女鹅一键重绘/女鹅一键重绘_2026-01-07 15.00.e	123189	1767769195
iDraw/eTools/backup/女鹅一键重绘/女鹅一键重绘_2026-01-07 15.05.e	123515	1767769533
iDraw/eTools/backup/女鹅一键重绘/女鹅一键重绘_2026-01-07 15.10.e	123727	1767769691
iDraw/eTools/backup/女鹅一键重绘/女鹅一键重绘_2026-01-07 15.20.e	124933	1767770422
iDraw/eTools/backup/女鹅一键重绘/女鹅一键重绘_2026-01-07 15.25.e	126476	1767770722
iDraw/eTools/backup/女鹅一键重绘/女鹅一键重绘_2026-01-07 15.30.e	126117	1767771051
iDraw/eTools/backup/女鹅一键重绘/女鹅一键重绘_2026-01-07 15.35.e	126587	1767771286
iDraw/eTools/backup/女鹅一键重绘/女鹅一键重绘_2026-01-07 15.40.e	126899	1767771647
iDraw/eTools/backup/女鹅一键重绘/女鹅一键重绘_2026-01-07 15.45.e	126939	1767771892
iDraw/eTools/backup/女鹅一键重绘/女鹅一键重绘_2026-01-07 15.50.e	127043	1767772225
iDraw/eTools/backup/女鹅一键重绘/女鹅一键重绘_2026-01-07 15.55.e	127508	1767772522
iDraw/eTools/backup/女鹅一键重绘/女鹅一键重绘_2026-01-07 16.00.e	128627	1767772768
iDraw/eTools/backup/女鹅一键重绘/女鹅一键重绘_2026-01-07 16.05.e	129149	1767773152
iDraw/eTools/backup/女鹅一键重绘/女鹅一键重绘_2026-01-07 16.10.e	129313	1767773413
iDraw/eTools/backup/女鹅一键重绘/女鹅一键重绘_2026-01-07 16.15.e	129289	1767773682
iDraw/eTools/backup/女鹅一键重绘/女鹅一键重绘_2026-01-07 16.25.e	129392	1767774322
iDraw/eTools/backup/女鹅一键重绘/女鹅一键重绘_2026-01-07 16.30.e	129105	1767774622
iDraw/eTools/backup/女鹅一键重绘/女鹅一键重绘_2026-01-07 16.35.e	129321	1767774911
iDraw/eTools/backup/女鹅一键重绘/女鹅一键重绘_2026-01-07 16.40.e	129126	1767775069
iDraw/eTools/backup/女鹅一键重绘/女鹅一键重绘_2026-01-07 17.05.e	345803	1767776452
iDraw/eTools/backup/女鹅一键重绘/女鹅一键重绘_2026-04-06 15.47.02.e	327318	1775461536
iDraw/eTools/backup/好好说话/好好说话_2025-09-14 17.48.24.e	861407	1605338536
iDraw/eTools/backup/安全异常处理/安全异常处理_2026-02-26 14.29.57.e	18673	1772087358
iDraw/eTools/backup/安居客/安居客_2025-08-13 21.40.54.e	882641	1596511336
iDraw/eTools/backup/安生官机对接2024.11.28更新/安生官机对接2024.11.28更新_2025-06-27 18.55.e	4046837	1734517738
iDraw/eTools/backup/定制生成TXT文本/定制生成TXT文本_2025-02-24 17.01.e	987528	1740387583
iDraw/eTools/backup/定制生成TXT文本/定制生成TXT文本_2025-02-24 17.02.04.e	987528	1740387706
iDraw/eTools/backup/定制生成TXT文本/定制生成TXT文本_2025-02-24 19.39.40.e	987534	1740397178
iDraw/eTools/backup/定制生成TXT文本/定制生成TXT文本_2025-02-24 20.34.21.e	987582	1740400440
iDraw/eTools/backup/宠物Onine - 副本/宠物Onine - 副本_2025-07-06 21.29.e	5314830	1751807803
iDraw/eTools/backup/宠物Onine/宠物Onine_2025-09-12 19.21.e	7081743	1757675770
iDraw/eTools/backup/客户端/客户端_2025-06-10 21.57.12.e	1074373	1683972713
iDraw/eTools/backup/小叮当数学练习程序/小叮当数学练习程序_2025-05-09 13.45.14.e	15868	1605758996
iDraw/eTools/backup/小栗子应用/小栗子应用_2026-02-21 01.10.e	366458	1771607400
iDraw/eTools/backup/小栗子应用/小栗子应用_2026-02-21 01.15.e	366452	1771607706
iDraw/eTools/backup/小栗子应用/小栗子应用_2026-02-21 01.20.e	366458	1771607761
iDraw/eTools/backup/小栗子应用/小栗子应用_2026-02-21 03.05.e	366855	1771614120
iDraw/eTools/backup/小栗子应用/小栗子应用_2026-02-21 03.15.e	366854	1771614729
iDraw/eTools/backup/小栗子应用/小栗子应用_2026-02-21 03.20.e	405664	1771615108
iDraw/eTools/backup/小栗子应用/小栗子应用_2026-02-21 03.25.e	405694	1771615378
iDraw/eTools/backup/小栗子应用/小栗子应用_2026-02-26 15.49.37.e	1494223	1772092173
iDraw/eTools/backup/小栗子应用/小栗子应用_2026-03-02 16.06.46.e	225064	1660132160
iDraw/eTools/backup/小栗子应用/小栗子应用_2026-03-04 12.59.e	371867	1772600278
iDraw/eTools/backup/小栗子应用/小栗子应用_2026-03-04 13.04.e	1348489	1772600506
iDraw/eTools/backup/小栗子应用/小栗子应用_2026-03-22 19.21.e	1343446	1774178221
iDraw/eTools/backup/小栗子应用/小栗子应用_2026-03-22 19.26.e	1343271	1774178626
iDraw/eTools/backup/小栗子应用/小栗子应用_2026-03-22 19.39.52.e	1343302	1774179527
iDraw/eTools/backup/小栗子应用/小栗子应用_2026-03-29 11.46.e	1343279	1774755843
iDraw/eTools/backup/小栗子应用/小栗子应用_2026-07-20 22.04.e	257645	1784556235
iDraw/eTools/backup/小栗子应用/小栗子应用_2026-07-20 22.05.20.e	314384	1784556312
iDraw/eTools/backup/小栗子应用/小栗子应用_2026-07-20 22.39.e	310161	1784558138
iDraw/eTools/backup/小栗子应用/小栗子应用_2026-07-20 22.43.04.e	1288139	1784558579
iDraw/eTools/backup/小栗子应用/小栗子应用_2026-07-20 22.44.26.e	1286373	1784558658
iDraw/eTools/backup/小栗子应用/小栗子应用_2026-07-20 22.59.46.e	1286453	1784559581
iDraw/eTools/backup/小栗子应用/小栗子应用_2026-07-20 23.19.48.e	1286269	1784560783
iDraw/eTools/backup/小栗子应用/小栗子应用_2026-08-07 21.13.e	1286757	1786108128
iDraw/eTools/backup/小栗子应用/小栗子应用_2026-08-08 01.38.e	1287965	1786108707
iDraw/eTools/backup/小栗子应用/小栗子应用_2026-08-09 22.13.e	1288145	1786283794
iDraw/eTools/backup/小栗子应用/小栗子应用_2026-08-10 20.08.e	1288145	1786363581
iDraw/eTools/backup/小栗子应用/小栗子应用_2026-08-10 20.13.26.e	1288248	1786363931
iDraw/eTools/backup/小栗子应用/小栗子应用_2026-08-11 17.10.e	1288141	1786439220
iDraw/eTools/backup/小栗子应用/小栗子应用_2026-08-11 17.15.e	1288276	1786439661
iDraw/eTools/backup/小栗子应用/小栗子应用_2026-09-20 14.12.41.e	1286269	1784560783
iDraw/eTools/backup/小栗子应用_已经换底层/小栗子应用_已经换底层_2025-02-10 19.38.e	9756681	1739073598
iDraw/eTools/backup/小栗子应用_已经换底层/小栗子应用_已经换底层_2025-02-10 19.43.e	9756703	1739187489
iDraw/eTools/backup/小栗子应用_已经换底层/小栗子应用_已经换底层_2025-02-10 20.33.e	9756788	1739190698
iDraw/eTools/backup/小栗子应用_已经换底层/小栗子应用_已经换底层_2025-02-10 20.36.00.e	9756806	1739190956
iDraw/eTools/backup/小栗子应用_已经换底层/小栗子应用_已经换底层_2025-02-10 20.41.e	10693629	1739191099
iDraw/eTools/backup/小栗子应用_已经换底层/小栗子应用_已经换底层_2025-02-10 20.46.e	10693988	1739191533
iDraw/eTools/backup/小栗子应用_已经换底层/小栗子应用_已经换底层_2025-02-10 20.51.e	10693792	1739191833
iDraw/eTools/backup/小栗子应用_已经换底层/小栗子应用_已经换底层_2025-02-10 21.11.e	10694108	1739192830
iDraw/eTools/backup/小栗子应用_已经换底层/小栗子应用_已经换底层_2025-02-10 21.26.e	9899957	1739193783
iDraw/eTools/backup/小栗子应用_已经换底层/小栗子应用_已经换底层_2025-02-11 12.09.e	9900141	1739246828
iDraw/eTools/backup/小栗子应用_已经换底层/小栗子应用_已经换底层_2025-02-11 12.14.e	9900242	1739247148
iDraw/eTools/backup/小栗子应用_已经换底层/小栗子应用_已经换底层_2025-02-11 12.19.e	9898827	1739247336
iDraw/eTools/backup/小栗子应用_已经换底层/小栗子应用_已经换底层_2025-02-11 12.24.e	9896696	1739247756
iDraw/eTools/backup/小栗子应用_已经换底层/小栗子应用_已经换底层_2025-02-11 14.34.e	9896609	1739255432
iDraw/eTools/backup/小栗子应用_已经换底层/小栗子应用_已经换底层_2025-02-12 18.24.e	9896888	1739355805
iDraw/eTools/backup/小栗子应用_已经换底层/小栗子应用_已经换底层_2025-02-12 18.29.e	9897801	1739356135
iDraw/eTools/backup/小栗子应用_已经换底层/小栗子应用_已经换底层_2025-02-12 18.34.e	9897716	1739356435
iDraw/eTools/backup/小栗子应用_已经换底层/小栗子应用_已经换底层_2025-02-12 18.39.21.e	9897761	1739356619
iDraw/eTools/backup/小栗子应用_已经换底层/小栗子应用_已经换底层_2025-02-12 19.01.55.e	9754237	1739358111
iDraw/eTools/backup/小栗子应用_已经换底层/小栗子应用_已经换底层_2025-02-12 19.22.e	9788315	1739359179
iDraw/eTools/backup/小栗子应用_已经换底层/小栗子应用_已经换底层_2025-02-12 20.22.e	9767894	1739362881
iDraw/eTools/backup/小栗子框架开发源码(最新版)/小栗子框架开发源码(最新版)_2025-04-12 05.41.e	9248619	1744407406
iDraw/eTools/backup/小栗子框架开发源码(最新版)/小栗子框架开发源码(最新版)_2025-04-12 05.46.e	9248671	1744407710
iDraw/eTools/backup/小栗子框架开发源码(最新版)/小栗子框架开发源码(最新版)_2026-01-11 23.20.e	9248619	1768144501
iDraw/eTools/backup/小栗子虚拟机_Main/小栗子虚拟机_Main_2025-05-02 21.57.36.e	36696	1746194253
iDraw/eTools/backup/屏蔽补丁/屏蔽补丁_2026-07-23 18.41.e	7033466	1784802986
iDraw/eTools/backup/开发模板/开发模板_2025-06-15 15.14.e	1212717	1731185626
iDraw/eTools/backup/开发模板/开发模板_2025-06-15 15.19.e	1212717	1731185626
iDraw/eTools/backup/开发模板/开发模板_2025-06-15 15.24.e	1212717	1731185626
iDraw/eTools/backup/开发模板/开发模板_2025-06-15 15.29.e	1212717	1731185626
iDraw/eTools/backup/开发模板/开发模板_2025-06-15 15.34.e	1212717	1731185626
iDraw/eTools/backup/开发模板/开发模板_2025-06-15 15.39.e	1212717	1731185626
iDraw/eTools/backup/开发模板/开发模板_2025-06-15 15.44.e	1212717	1731185626
iDraw/eTools/backup/开发模板/开发模板_2025-06-15 15.49.e	1212717	1731185626
iDraw/eTools/backup/开发模板/开发模板_2025-06-15 15.54.e	1212717	1731185626
iDraw/eTools/backup/开发模板/开发模板_2025-06-15 15.59.e	1212717	1731185626
iDraw/eTools/backup/开发模板/开发模板_2025-06-15 16.04.e	1212717	1731185626
iDraw/eTools/backup/开发模板/开发模板_2025-06-15 16.09.e	1212717	1731185626
iDraw/eTools/backup/开发模板/开发模板_2025-06-15 16.14.e	1212717	1731185626
iDraw/eTools/backup/开发模板/开发模板_2025-06-15 16.19.e	1212717	1731185626
iDraw/eTools/backup/开发模板/开发模板_2025-06-15 16.24.e	1212717	1731185626
iDraw/eTools/backup/开发模板/开发模板_2025-06-15 16.29.e	1212717	1731185626
iDraw/eTools/backup/开发模板/开发模板_2025-06-15 16.34.e	1212717	1731185626
iDraw/eTools/backup/开发模板/开发模板_2025-06-15 16.39.e	1212717	1731185626
iDraw/eTools/backup/开发模板/开发模板_2025-06-15 16.44.e	1212717	1731185626
iDraw/eTools/backup/开发模板/开发模板_2025-06-15 16.49.e	1212717	1731185626
iDraw/eTools/backup/开发模板/开发模板_2025-06-15 16.54.e	1212717	1731185626
iDraw/eTools/backup/开发模板/开发模板_2025-06-15 16.59.e	1212717	1731185626
iDraw/eTools/backup/开发模板/开发模板_2025-06-15 17.04.e	1212717	1731185626
iDraw/eTools/backup/开发模板/开发模板_2025-06-15 17.09.e	993782	1749978429
iDraw/eTools/backup/开发模板/开发模板_2025-06-15 21.59.e	993922	1749995895
iDraw/eTools/backup/开发模板/开发模板_2025-06-15 22.04.e	993940	1749996228
iDraw/eTools/backup/开发模板/开发模板_2025-07-20 21.40.e	56176	1743755788
iDraw/eTools/backup/开发模板/开发模板_2025-07-20 21.45.e	49281	1753018854
iDraw/eTools/backup/开发模板/开发模板_2025-07-20 22.57.25.e	993940	1749996228
iDraw/eTools/backup/开发模板/开发模板_2025-07-20 22.59.52.e	1212717	1731185626
iDraw/eTools/backup/後天_提示框/後天_提示框_2026-07-19 19.33.e	401131	1713445325
iDraw/eTools/backup/後天_提示框/後天_提示框_2026-07-19 19.36.36.e	401252	1784460987
iDraw/eTools/backup/後天_提示框/後天_提示框_2026-07-19 20.02.e	398840	1784462350
iDraw/eTools/backup/後天_提示框/後天_提示框_2026-07-19 20.07.e	406840	1784462828
iDraw/eTools/backup/後天_提示框/後天_提示框_2026-07-19 20.10.55.e	407618	1784462858
iDraw/eTools/backup/快捷计算 - 複製/快捷计算 - 複製_2025-12-14 19.32.e	992614	1765711727
iDraw/eTools/backup/快捷计算/快捷计算_2025-12-07 12.42.e	978549	1765082252
iDraw/eTools/backup/快捷计算/快捷计算_2025-12-07 18.37.e	979512	1765103822
iDraw/eTools/backup/快捷计算/快捷计算_2025-12-07 18.42.e	979957	1765104143
iDraw/eTools/backup/快捷计算/快捷计算_2025-12-07 18.52.e	981165	1765104722
iDraw/eTools/backup/快捷计算/快捷计算_2025-12-07 18.57.e	981793	1765105022
iDraw/eTools/backup/快捷计算/快捷计算_2025-12-07 19.07.e	983433	1765105643
iDraw/eTools/backup/快捷计算/快捷计算_2025-12-07 19.27.e	984261	1765106822
iDraw/eTools/backup/快捷计算/快捷计算_2025-12-07 19.42.e	985041	1765107447
iDraw/eTools/backup/快捷计算/快捷计算_2025-12-08 17.41.e	983798	1765127243
iDraw/eTools/backup/快捷计算/快捷计算_2025-12-08 17.46.e	983661	1765186865
iDraw/eTools/backup/快捷计算/快捷计算_2025-12-10 19.06.e	984257	1765364769
iDraw/eTools/backup/快捷计算/快捷计算_2025-12-10 19.16.e	984257	1765364814
iDraw/eTools/backup/快捷计算/快捷计算_2025-12-10 21.16.13.e	990936	1765372570
iDraw/eTools/backup/快捷计算/快捷计算_2025-12-10 21.17.43.e	990880	1765372661
iDraw/eTools/backup/快捷计算/快捷计算_2025-12-10 21.19.23.e	990881	1765372760
iDraw/eTools/backup/快捷计算/快捷计算_2025-12-10 21.45.e	991047	1765374261
iDraw/eTools/backup/快捷计算/快捷计算_2025-12-10 21.50.e	993687	1765374591
iDraw/eTools/backup/快捷计算/快捷计算_2025-12-10 21.55.e	993975	1765374891
iDraw/eTools/backup/快捷计算/快捷计算_2025-12-10 22.05.e	994231	1765375329
iDraw/eTools/backup/快捷计算/快捷计算_2025-12-10 22.10.e	994565	1765375671
iDraw/eTools/backup/快捷计算/快捷计算_2025-12-10 22.20.e	994637	1765376301
iDraw/eTools/backup/快捷计算/快捷计算_2025-12-10 22.25.e	994555	1765376698
iDraw/eTools/backup/快捷计算/快捷计算_2025-12-10 22.30.e	994911	1765376961
iDraw/eTools/backup/快捷计算/快捷计算_2025-12-10 22.40.e	995843	1765377610
iDraw/eTools/backup/快捷计算/快捷计算_2025-12-10 22.50.e	996067	1765378058
iDraw/eTools/backup/快捷计算/快捷计算_2025-12-10 23.04.37.e	996320	1765379075
iDraw/eTools/backup/快捷计算/快捷计算_2025-12-10 23.12.31.e	995460	1765379549
iDraw/eTools/backup/快捷计算/快捷计算_2025-12-14 16.22.30.e	995385	1765700547
iDraw/eTools/backup/憨批笨蛋坏蛋涩涩杂鱼专用/憨批笨蛋坏蛋涩涩杂鱼专用_2025-10-06 23.54.19.e	19251	1759766057
iDraw/eTools/backup/戳一戳/戳一戳_2026-01-12 13.53.e	1204711	1768197131
iDraw/eTools/backup/戳一戳/戳一戳_2026-01-12 13.58.e	1210468	1768197468
iDraw/eTools/backup/戳一戳/戳一戳_2026-01-12 14.03.e	1210674	1768197768
iDraw/eTools/backup/戳一戳/戳一戳_2026-01-12 14.08.e	1211044	1768198068
iDraw/eTools/backup/戳一戳/戳一戳_2026-01-12 14.13.e	1211318	1768198347
iDraw/eTools/backup/戳一戳/戳一戳_2026-09-10 20.20.e	1410220	1789042775
iDraw/eTools/backup/戳一戳/戳一戳_2026-09-10 20.30.e	1410402	1789043315
iDraw/eTools/backup/戳一戳/戳一戳_2026-09-10 20.40.e	1410373	1789044005
iDraw/eTools/backup/戳一戳/戳一戳_2026-09-10 20.45.e	1410477	1789044051
iDraw/eTools/backup/戳一戳/戳一戳_2026-09-10 20.50.e	1410527	1789044410
iDraw/eTools/backup/戳一戳/戳一戳_2026-09-10 20.55.e	1414856	1789044905
iDraw/eTools/backup/戳一戳/戳一戳_2026-09-10 21.00.e	1552286	1789045081
iDraw/eTools/backup/戳一戳/戳一戳_2026-09-10 21.05.e	1552227	1789045454
iDraw/eTools/backup/戳一戳/戳一戳_2026-09-10 21.14.10.e	1552227	1789046047
iDraw/eTools/backup/打卡（邦！）/打卡（邦！）_2026-02-26 15.05.e	2203600	1736656129
iDraw/eTools/backup/打卡（邦！）/打卡（邦！）_2026-02-26 15.09.14.e	2215386	1772089751
iDraw/eTools/backup/执行/执行_2025-04-30 22.32.12.e	1003889	1652258034
iDraw/eTools/backup/投票禁言/投票禁言_2026-03-13 19.40.45.e	1411873	1773402039
iDraw/eTools/backup/授权/授权_2025-02-12 18.20.00.e	939563	1734517605
iDraw/eTools/backup/授权/授权_2025-02-12 18.25.e	1082254	1739355679
iDraw/eTools/backup/授权/授权_2025-02-12 18.39.16.e	1082248	1739356754
iDraw/eTools/backup/授权/授权_2025-03-26 15.44.29.e	538497	1731174887
iDraw/eTools/backup/授权/授权_2026-07-08 10.55.e	584197	1783479054
iDraw/eTools/backup/授权/授权_2026-07-20 22.55.27.e	538497	1731174887
iDraw/eTools/backup/掉线重登/掉线重登_2025-11-22 18.04.e	1750560	1763805394
iDraw/eTools/backup/掉线重登/掉线重登_2025-11-23 09.59.e	1752655	1763863143
iDraw/eTools/backup/掉线重登/掉线重登_2025-11-23 10.04.e	1752781	1763863418
iDraw/eTools/backup/掉线重登/掉线重登_2025-11-23 10.09.e	1753450	1763863748
iDraw/eTools/backup/掉线重登/掉线重登_2025-11-23 10.14.e	1753627	1763864048
iDraw/eTools/backup/掉线重登/掉线重登_2025-11-23 10.19.e	1753496	1763864378
iDraw/eTools/backup/掉线重登/掉线重登_2025-11-23 10.20.17.e	1752989	1763864413
iDraw/eTools/backup/掉线重登/掉线重登_2025-11-23 11.43.e	1753176	1763869353
iDraw/eTools/backup/掉线重登/掉线重登_2025-11-23 11.48.e	1753197	1763869575
iDraw/eTools/backup/掉线重登/掉线重登_2025-11-23 12.23.e	1753244	1763871613
iDraw/eTools/backup/掉线重登/掉线重登_2025-11-23 12.28.e	1753220	1763871871
iDraw/eTools/backup/掉线重登/掉线重登_2025-11-23 18.28.e	1754728	1763893678
iDraw/eTools/backup/掉线重登/掉线重登_2025-11-23 18.33.e	1755200	1763893966
iDraw/eTools/backup/掉线重登/掉线重登_2025-11-23 18.38.e	1755463	1763894184
iDraw/eTools/backup/掉线重登/掉线重登_2025-11-23 20.38.e	1756680	1763901344
iDraw/eTools/backup/掉线重登/掉线重登_2025-11-26 18.31.e	1756642	1764153015
iDraw/eTools/backup/掉线重登/掉线重登_2025-11-26 18.37.59.e	1756642	1764153474
iDraw/eTools/backup/控制中枢/控制中枢_2025-03-28 15.13.09.e	1562488	1683171914
iDraw/eTools/backup/控制中枢/控制中枢_2025-10-13 20.51.e	1509520	1760359561
iDraw/eTools/backup/控制中枢/控制中枢_2025-10-13 20.55.52.e	1530472	1760360150
iDraw/eTools/backup/控制中枢/控制中枢_2025-10-13 21.10.e	1526833	1760360892
iDraw/eTools/backup/控制中枢/控制中枢_2025-10-13 21.15.e	1526909	1760361091
iDraw/eTools/backup/控制中枢/控制中枢_2025-10-13 21.30.e	1526741	1760362228
iDraw/eTools/backup/控制中枢/控制中枢_2025-10-13 21.35.e	1527262	1760362333
iDraw/eTools/backup/控制中枢/控制中枢_2025-10-13 21.48.40.e	1527014	1760363317
iDraw/eTools/backup/控制中枢/控制中枢_2025-10-13 21.59.38.e	1526942	1760363976
iDraw/eTools/backup/控制中枢/控制中枢_2025-11-29 22.20.01.e	1556011	1764425989
iDraw/eTools/backup/控制中枢/控制中枢_2026-08-15 23.00.36.e	1756622	1786806025
iDraw/eTools/backup/控制中枢_重构/控制中枢_重构_2026-03-19 20.53.54.e	1220874	1764426008
iDraw/eTools/backup/控制台/控制台_2026-01-23 21.44.e	26944	1769175860
iDraw/eTools/backup/控制台/控制台_2026-01-23 21.54.e	1003954	1769176460
iDraw/eTools/backup/控制台/控制台_2026-01-23 21.59.01.e	1138821	1769176739
iDraw/eTools/backup/控制台/控制台_2026-01-23 22.31.e	1138228	1769178627
iDraw/eTools/backup/控制台/控制台_2026-01-24 12.21.e	1138125	1769228277
iDraw/eTools/backup/控制台/控制台_2026-01-24 13.11.e	1138449	1769231487
iDraw/eTools/backup/控制台/控制台_2026-01-24 13.16.e	1139145	1769231787
iDraw/eTools/backup/控制台/控制台_2026-01-24 13.21.e	1139420	1769232104
iDraw/eTools/backup/控制台/控制台_2026-01-27 23.04.e	1139420	1769525965
iDraw/eTools/backup/插件市场/插件市场_2026-03-08 13.58.e	1167700	1772949494
iDraw/eTools/backup/插件市场/插件市场_2026-03-08 14.03.e	1167757	1772949794
iDraw/eTools/backup/插件市场/插件市场_2026-03-08 14.08.e	1168370	1772950034
iDraw/eTools/backup/插件市场/插件市场_2026-03-08 14.13.e	1168241	1772950394
iDraw/eTools/backup/插件市场/插件市场_2026-03-08 14.18.e	1169332	1772950694
iDraw/eTools/backup/插件市场/插件市场_2026-03-08 14.23.e	1169681	1772950994
iDraw/eTools/backup/插件市场/插件市场_2026-03-08 14.28.e	1170461	1772951287
iDraw/eTools/backup/插件市场/插件市场_2026-03-08 14.43.e	1170479	1772952058
iDraw/eTools/backup/插件市场/插件市场_2026-03-08 15.07.59.e	1170524	1772953673
iDraw/eTools/backup/插件市场/插件市场_2026-03-08 15.13.57.e	1169964	1772954031
iDraw/eTools/backup/插件市场/插件市场_2026-03-08 15.13.e	1169968	1772954018
iDraw/eTools/backup/插件市场/插件市场_2026-03-12 16.40.48.e	1170008	1773304827
iDraw/eTools/backup/插件市场/插件市场_2026-04-01 17.10.e	1169979	1775034613
iDraw/eTools/backup/插件市场/插件市场_2026-04-01 17.15.e	1170084	1775034914
iDraw/eTools/backup/插件市场/插件市场_2026-04-01 17.20.e	1170622	1775035213
iDraw/eTools/backup/插件市场/插件市场_2026-04-01 17.25.e	1170692	1775035515
iDraw/eTools/backup/插件市场/插件市场_2026-04-01 17.30.e	1171479	1775035823
iDraw/eTools/backup/插件市场/插件市场_2026-04-01 17.40.e	1172199	1775036413
iDraw/eTools/backup/插件市场/插件市场_2026-04-01 22.20.e	1172771	1775053213
iDraw/eTools/backup/插件市场/插件市场_2026-04-01 22.25.e	1173318	1775053516
iDraw/eTools/backup/插件市场/插件市场_2026-04-01 22.35.e	1173281	1775053812
iDraw/eTools/backup/插件市场/插件市场_2026-04-02 14.20.e	1173046	1775110504
iDraw/eTools/backup/插件市场/插件市场_2026-04-02 23.45.e	1179531	1775144716
iDraw/eTools/backup/插件市场/插件市场_2026-04-02 23.55.e	1179571	1775145106
iDraw/eTools/backup/插件市场/插件市场_2026-04-03 00.15.e	1184942	1775146365
iDraw/eTools/backup/插件市场/插件市场_2026-04-03 00.20.e	1201262	1775146726
iDraw/eTools/backup/插件市场/插件市场_2026-04-03 00.25.e	1201262	1775146846
iDraw/eTools/backup/插件市场/插件市场_2026-04-03 00.35.e	1212157	1775147265
iDraw/eTools/backup/插件市场/插件市场_2026-04-03 00.40.e	1211907	1775147985
iDraw/eTools/backup/插件开发模板/插件开发模板_2025-08-02 16.22.e	1037851	1754122693
iDraw/eTools/backup/插件开发模板/插件开发模板_2025-08-12 10.43.08.e	59193	1754170920
iDraw/eTools/backup/插件开发空壳-快速开发模板/插件开发空壳-快速开发模板_2026-05-21 10.02.e	1201314	1779328912
iDraw/eTools/backup/插件开发空壳-快速开发模板/插件开发空壳-快速开发模板_2026-05-21 10.07.e	1201385	1779329142
iDraw/eTools/backup/插件开发空壳-快速开发模板/插件开发空壳-快速开发模板_2026-05-21 10.12.e	1201376	1779329487
iDraw/eTools/backup/插件开发空壳-快速开发模板/插件开发空壳-快速开发模板_2026-05-21 10.17.e	1201599	1779329724
iDraw/eTools/backup/插件开发空壳-快速开发模板/插件开发空壳-快速开发模板_2026-05-21 10.22.e	1201885	1779329915
iDraw/eTools/backup/插件开发空壳-快速开发模板/插件开发空壳-快速开发模板_2026-05-21 10.27.e	1202271	1779330395
iDraw/eTools/backup/插件开发空壳-快速开发模板/插件开发空壳-快速开发模板_2026-05-21 10.32.e	1202205	1779330446
iDraw/eTools/backup/插件开发空壳-快速开发模板/插件开发空壳-快速开发模板_2026-05-21 10.37.e	1202599	1779330910
iDraw/eTools/backup/插件开发空壳-快速开发模板/插件开发空壳-快速开发模板_2026-05-21 10.42.e	1202599	1779331201
iDraw/eTools/backup/插件开发空壳-快速开发模板/插件开发空壳-快速开发模板_2026-05-21 11.17.e	1202657	1779333255
iDraw/eTools/backup/插件开发空壳-快速开发模板/插件开发空壳-快速开发模板_2026-05-21 11.22.e	1202567	1779333700
iDraw/eTools/backup/插件开发空壳-快速开发模板/插件开发空壳-快速开发模板_2026-05-21 11.27.e	1202567	1779333945
iDraw/eTools/backup/插件开发空壳-快速开发模板/插件开发空壳-快速开发模板_2026-05-21 11.32.e	1202813	1779334226
iDraw/eTools/backup/插件开发空壳-快速开发模板/插件开发空壳-快速开发模板_2026-05-21 11.42.e	1202974	1779334843
iDraw/eTools/backup/插件开发空壳-快速开发模板/插件开发空壳-快速开发模板_2026-05-21 11.52.e	1202974	1779335451
iDraw/eTools/backup/插件开发空壳-快速开发模板/插件开发空壳-快速开发模板_2026-05-21 12.02.e	1202974	1779335841
iDraw/eTools/backup/插件开发空壳-快速开发模板/插件开发空壳-快速开发模板_2026-05-21 12.12.e	1202851	1779336526
iDraw/eTools/backup/插件开发空壳-快速开发模板/插件开发空壳-快速开发模板_2026-05-21 12.17.e	1202847	1779336856
iDraw/eTools/backup/插件开发空壳-快速开发模板/插件开发空壳-快速开发模板_2026-05-21 12.32.e	1202895	1779337765
iDraw/eTools/backup/插件开发空壳-快速开发模板/插件开发空壳-快速开发模板_2026-05-21 12.37.e	1202901	1779338195
iDraw/eTools/backup/插件开发空壳-快速开发模板/插件开发空壳-快速开发模板_2026-05-21 12.42.e	1203300	1779338495
iDraw/eTools/backup/插件开发空壳-快速开发模板/插件开发空壳-快速开发模板_2026-05-21 12.47.e	1203610	1779338773
iDraw/eTools/backup/插件开发空壳-快速开发模板/插件开发空壳-快速开发模板_2026-05-21 12.52.e	1203928	1779339121
iDraw/eTools/backup/插件开发空壳-快速开发模板/插件开发空壳-快速开发模板_2026-05-21 12.57.e	1203928	1779339282
iDraw/eTools/backup/插件开发空壳-快速开发模板/插件开发空壳-快速开发模板_2026-05-21 13.02.e	1205719	1779339635
iDraw/eTools/backup/插件开发空壳-快速开发模板/插件开发空壳-快速开发模板_2026-05-21 13.07.e	1206186	1779340015
iDraw/eTools/backup/插件开发空壳-快速开发模板/插件开发空壳-快速开发模板_2026-05-21 13.12.e	1206322	1779340305
iDraw/eTools/backup/插件开发空壳-快速开发模板/插件开发空壳-快速开发模板_2026-05-21 13.17.e	1206332	1779340621
iDraw/eTools/backup/插件开发空壳-快速开发模板/插件开发空壳-快速开发模板_2026-05-21 13.22.e	1206690	1779340918
iDraw/eTools/backup/插件开发空壳/插件开发空壳_2025-08-10 14.48.e	1542135	1754808411
iDraw/eTools/backup/插件开发空壳/插件开发空壳_2025-10-22 18.21.00.e	97151	1761128437
iDraw/eTools/backup/插件开发空壳/插件开发空壳_2025-10-22 18.32.e	102253	1761129142
iDraw/eTools/backup/插件开发空壳/插件开发空壳_2025-10-22 18.37.e	770366	1761129442
iDraw/eTools/backup/插件开发空壳/插件开发空壳_2025-10-22 18.42.e	768801	1761129742
iDraw/eTools/backup/插件开发空壳/插件开发空壳_2025-10-22 18.47.e	771759	1761130042
iDraw/eTools/backup/插件开发空壳/插件开发空壳_2025-10-22 18.52.e	1747059	1761130282
iDraw/eTools/backup/插件开发空壳/插件开发空壳_2025-10-22 18.57.e	1747973	1761130646
iDraw/eTools/backup/插件开发空壳/插件开发空壳_2025-10-22 19.02.e	1748011	1761130888
iDraw/eTools/backup/插件开发空壳/插件开发空壳_2025-10-22 19.07.e	1748267	1761131242
iDraw/eTools/backup/插件开发空壳/插件开发空壳_2025-10-22 19.12.e	1749144	1761131544
iDraw/eTools/backup/插件开发空壳/插件开发空壳_2025-10-22 19.17.e	1751316	1761131812
iDraw/eTools/backup/插件开发空壳/插件开发空壳_2025-10-22 19.22.e	1751377	1761131992
iDraw/eTools/backup/插件开发空壳/插件开发空壳_2025-10-22 19.57.e	1752212	1761134266
iDraw/eTools/backup/插件开发空壳/插件开发空壳_2025-10-22 20.02.e	1752818	1761134561
iDraw/eTools/backup/插件开发空壳/插件开发空壳_2025-10-22 20.07.e	1753138	1761134842
iDraw/eTools/backup/插件开发空壳/插件开发空壳_2025-10-22 20.12.e	1753722	1761135119
iDraw/eTools/backup/插件开发空壳/插件开发空壳_2025-10-22 20.17.e	1753956	1761135453
iDraw/eTools/backup/插件开发空壳/插件开发空壳_2025-10-22 20.22.e	1754100	1761135677
iDraw/eTools/backup/插件开发空壳/插件开发空壳_2025-10-22 20.27.e	1754100	1761136069
iDraw/eTools/backup/插件开发空壳/插件开发空壳_2025-10-22 20.32.e	1754166	1761136364
iDraw/eTools/backup/插件开发空壳/插件开发空壳_2025-10-22 20.37.e	1754412	1761136653
iDraw/eTools/backup/插件开发空壳/插件开发空壳_2025-10-22 20.42.e	1754587	1761136954
iDraw/eTools/backup/插件开发空壳/插件开发空壳_2025-10-22 20.45.57.e	1754587	1761137034
iDraw/eTools/backup/插件开发空壳/插件开发空壳_2025-11-22 16.07.03.e	54948	1720112196
iDraw/eTools/backup/插件开发空壳/插件开发空壳_2025-11-22 17.56.38.e	1750560	1763805394
iDraw/eTools/backup/插件开发空壳/插件开发空壳_2026-01-12 13.50.e	1047346	1752396095
iDraw/eTools/backup/插件开发空壳/插件开发空壳_2026-02-23 22.20.e	54948	1720112196
iDraw/eTools/backup/插件开发空壳/插件开发空壳_2026-05-21 09.13.48.e	1213619	1779326021
iDraw/eTools/backup/插件开发空壳/插件开发空壳_2026-08-15 21.34.13.e	54948	1720112196
iDraw/eTools/backup/插件消息审核/插件消息审核_2025-12-23 16.08.e	1345076	1766477260
iDraw/eTools/backup/插件消息审核/插件消息审核_2025-12-23 16.23.e	1344758	1766478132
iDraw/eTools/backup/插件消息审核/插件消息审核_2025-12-23 16.28.e	1343721	1766478510
iDraw/eTools/backup/插件消息审核/插件消息审核_2025-12-23 16.33.e	1344541	1766478800
iDraw/eTools/backup/插件消息审核/插件消息审核_2025-12-23 16.38.e	1344599	1766479097
iDraw/eTools/backup/插件消息审核/插件消息审核_2025-12-23 16.43.e	1345331	1766479387
iDraw/eTools/backup/插件消息审核/插件消息审核_2025-12-23 17.08.e	1345374	1766480887
iDraw/eTools/backup/插件消息审核/插件消息审核_2025-12-23 17.13.e	1345426	1766481187
iDraw/eTools/backup/插件消息审核/插件消息审核_2025-12-23 17.18.e	1527851	1766481397
iDraw/eTools/backup/插件消息审核/插件消息审核_2025-12-23 17.23.e	1528881	1766481787
iDraw/eTools/backup/插件消息审核/插件消息审核_2025-12-23 17.28.e	1529842	1766482087
iDraw/eTools/backup/插件消息审核/插件消息审核_2025-12-23 17.33.e	1530488	1766482253
iDraw/eTools/backup/插件消息审核/插件消息审核_2025-12-23 17.38.e	1533621	1766482711
iDraw/eTools/backup/插件消息审核/插件消息审核_2025-12-23 17.43.e	1535634	1766483007
iDraw/eTools/backup/插件消息审核/插件消息审核_2025-12-23 17.48.e	1535610	1766483264
iDraw/eTools/backup/插件消息审核/插件消息审核_2025-12-23 17.58.e	1536673	1766483887
iDraw/eTools/backup/插件消息审核/插件消息审核_2025-12-23 18.03.e	1537424	1766484187
iDraw/eTools/backup/插件消息审核/插件消息审核_2025-12-23 18.08.e	1537559	1766484487
iDraw/eTools/backup/插件消息审核/插件消息审核_2025-12-23 18.13.e	1537713	1766484526
iDraw/eTools/backup/插件消息审核/插件消息审核_2025-12-23 18.18.e	1537659	1766485026
iDraw/eTools/backup/插件消息审核/插件消息审核_2025-12-23 18.23.e	1537803	1766485155
iDraw/eTools/backup/插件消息审核/插件消息审核_2025-12-23 18.28.e	1537939	1766485685
iDraw/eTools/backup/插件消息审核/插件消息审核_2025-12-23 18.33.e	1538537	1766485933
iDraw/eTools/backup/插件消息审核/插件消息审核_2025-12-23 18.38.e	1538687	1766486298
iDraw/eTools/backup/插件消息审核/插件消息审核_2025-12-23 19.28.e	1539088	1766489268
iDraw/eTools/backup/插件消息审核/插件消息审核_2025-12-23 20.18.40.e	1539088	1766492317
iDraw/eTools/backup/插件消息审核/插件消息审核_2025-12-23 20.18.e	1539781	1766492257
iDraw/eTools/backup/插件消息审核/插件消息审核_2026-03-23 13.46.e	1400330	1774244544
iDraw/eTools/backup/插件消息审核/插件消息审核_2026-03-23 14.00.36.e	1400327	1774245632
iDraw/eTools/backup/搜索框/搜索框_2025-07-29 12.22.e	6190	1753762948
iDraw/eTools/backup/搜索框/搜索框_2025-07-29 12.27.e	7243	1753763245
iDraw/eTools/backup/搜索框/搜索框_2025-07-29 12.32.e	8105	1753763548
iDraw/eTools/backup/搜索框/搜索框_2025-07-29 12.37.e	8639	1753763848
iDraw/eTools/backup/搜索框/搜索框_2025-07-29 12.42.e	9760	1753764148
iDraw/eTools/backup/搜索框/搜索框_2025-07-29 14.52.e	963853	1753771918
iDraw/eTools/backup/搜索框/搜索框_2025-07-29 14.57.e	963998	1753772242
iDraw/eTools/backup/搜索框/搜索框_2025-07-29 15.02.e	964012	1753772278
iDraw/eTools/backup/搜索框/搜索框_2025-07-29 15.07.e	964024	1753772608
iDraw/eTools/backup/数据解析/数据解析_2025-06-29 23.31.30.e	239217	1734671201
iDraw/eTools/backup/数独主程序/数独主程序_2025-02-24 15.39.36.e	42921	1680970628
iDraw/eTools/backup/文本代码解析/文本代码解析_2025-05-04 21.50.42.e	40194	1746366367
iDraw/eTools/backup/文本代码解析/文本代码解析_2026-02-26 14.21.46.e	40162	1772086852
iDraw/eTools/backup/斗罗大陆 - 最新/斗罗大陆 - 最新_2025-07-28 11.02.e	3349278	1753627905
iDraw/eTools/backup/断点续传/断点续传_2025-06-30 00.21.43.e	15634	1625909848
iDraw/eTools/backup/新增 易程序 - 複製/新增 易程序 - 複製_2025-04-30 22.37.e	1056924	1652355492
iDraw/eTools/backup/新增 易程序/新增 易程序_2025-03-13 12.35.10.e	4770	1690081686
iDraw/eTools/backup/新增 易程序/新增 易程序_2025-04-30 22.32.32.e	1011426	1652115782
iDraw/eTools/backup/新增 易程序/新增 易程序_2025-08-04 12.55.e	0	1754283021
iDraw/eTools/backup/新增 易程序/新增 易程序_2025-08-06 20.48.e	26805	1754484233
iDraw/eTools/backup/新增 易程序/新增 易程序_2025-09-10 08.07.09.e	1011426	1652115782
iDraw/eTools/backup/新增 易程序/新增 易程序_2025-12-03 18.13.02.e	2011644	1764756782
iDraw/eTools/backup/新增 易程序/新增 易程序_2025-12-03 18.18.12.e	1037868	1764757089
iDraw/eTools/backup/新增 易程序/新增 易程序_2025-12-04 12.47.e	0	1764823339
iDraw/eTools/backup/新增 易程序/新增 易程序_2025-12-04 12.52.e	979097	1764823925
iDraw/eTools/backup/新增 易程序/新增 易程序_2025-12-04 19.00.e	979249	1764835963
iDraw/eTools/backup/新增 易程序/新增 易程序_2025-12-04 19.05.e	979344	1764846066
iDraw/eTools/backup/新增 易程序/新增 易程序_2025-12-04 22.41.56.e	979344	1764859313
iDraw/eTools/backup/新增 易程序/新增 易程序_2026-01-20 17.52.e	0	1768902369
iDraw/eTools/backup/新增 易程序/新增 易程序_2026-01-20 17.57.e	978454	1768902733
iDraw/eTools/backup/新增 易程序/新增 易程序_2026-01-20 18.27.e	979068	1768904784
iDraw/eTools/backup/新增 易程序/新增 易程序_2026-01-20 18.32.e	979188	1768905049
iDraw/eTools/backup/新增 易程序/新增 易程序_2026-01-20 18.37.e	979783	1768905425
iDraw/eTools/backup/新增 易程序/新增 易程序_2026-01-20 18.42.e	979780	1768905433
iDraw/eTools/backup/新增 易程序/新增 易程序_2026-01-20 18.57.e	1114866	1768906603
iDraw/eTools/backup/新增 易程序/新增 易程序_2026-01-20 19.02.e	1114957	1768906726
iDraw/eTools/backup/新增 易程序/新增 易程序_2026-01-20 19.42.e	1115028	1768909314
iDraw/eTools/backup/新增 易程序/新增 易程序_2026-01-20 19.47.e	1115041	1768909333
iDraw/eTools/backup/新增 易程序/新增 易程序_2026-01-20 19.52.e	1115033	1768909783
iDraw/eTools/backup/新增 易程序/新增 易程序_2026-01-20 20.02.e	1115068	1768910293
iDraw/eTools/backup/新增 易程序/新增 易程序_2026-01-20 20.42.e	1165611	1768912754
iDraw/eTools/backup/新建 易程序/新建 易程序_2025-02-15 18.50.47.e	285593	1732003229
iDraw/eTools/backup/新建 易程序/新建 易程序_2025-04-06 10.23.14.e	1722	1743906193
iDraw/eTools/backup/新建 易程序/新建 易程序_2025-04-06 20.08.e	939594	1743941213
iDraw/eTools/backup/新建 易程序/新建 易程序_2025-04-06 20.13.e	939589	1743941512
iDraw/eTools/backup/新建 易程序/新建 易程序_2025-04-06 20.18.e	939612	1743941893
iDraw/eTools/backup/新建 易程序/新建 易程序_2025-04-06 20.27.35.e	939636	1743942303
iDraw/eTools/backup/新建 易程序/新建 易程序_2025-04-22 18.49.25.e	1376	1745318963
iDraw/eTools/backup/新建 易程序/新建 易程序_2025-04-22 18.54.e	1551	1745318993
iDraw/eTools/backup/新建 易程序/新建 易程序_2025-04-22 18.59.e	939532	1745319544
iDraw/eTools/backup/新建 易程序/新建 易程序_2025-04-22 19.04.e	939770	1745319844
iDraw/eTools/backup/新建 易程序/新建 易程序_2025-04-22 19.09.e	940251	1745320144
iDraw/eTools/backup/新建 易程序/新建 易程序_2025-04-22 19.14.e	940887	1745320444
iDraw/eTools/backup/新建 易程序/新建 易程序_2025-04-22 19.16.42.e	941062	1745320599
iDraw/eTools/backup/新建 易程序/新建 易程序_2025-05-05 21.39.48.e	1376	1746452385
iDraw/eTools/backup/新建 易程序/新建 易程序_2025-05-05 21.44.e	0	1746452393
iDraw/eTools/backup/新建 易程序/新建 易程序_2025-05-05 21.49.e	2024	1746452969
iDraw/eTools/backup/新建 易程序/新建 易程序_2025-05-05 21.54.e	2287	1746453234
iDraw/eTools/backup/新建 易程序/新建 易程序_2025-05-05 21.59.e	2322	1746453569
iDraw/eTools/backup/新建 易程序/新建 易程序_2025-05-05 22.04.e	2428	1746453809
iDraw/eTools/backup/新建 易程序/新建 易程序_2025-05-05 22.09.e	2416	1746454139
iDraw/eTools/backup/新建 易程序/新建 易程序_2025-05-10 18.13.39.e	941062	1745320599
iDraw/eTools/backup/新建 易程序/新建 易程序_2025-06-03 10.32.11.e	2416	1746454139
iDraw/eTools/backup/新建 易程序/新建 易程序_2025-06-11 16.50.15.e	941062	1745320599
iDraw/eTools/backup/新建 易程序/新建 易程序_2025-06-29 18.53.02.e	1177428	1734697463
iDraw/eTools/backup/新建 易程序/新建 易程序_2025-07-13 11.21.47.e	947457	1668240696
iDraw/eTools/backup/新建 易程序/新建 易程序_2025-07-13 21.39.26.e	0	1752413775
iDraw/eTools/backup/新建 易程序/新建 易程序_2025-07-19 13.32.58.e	947457	1668240696
iDraw/eTools/backup/新建 易程序/新建 易程序_2025-08-03 18.26.03.e	2416	1753883055
iDraw/eTools/backup/新建 易程序/新建 易程序_2025-10-06 21.49.10.e	1177428	1734697463
iDraw/eTools/backup/新建易程序 (2)/新建易程序 (2)_2025-08-03 22.05.e	18542	1754229772
iDraw/eTools/backup/新建易程序 (2)/新建易程序 (2)_2025-08-03 22.10.e	955451	1754230073
iDraw/eTools/backup/新建易程序 (2)/新建易程序 (2)_2025-08-03 23.00.e	955568	1754233225
iDraw/eTools/backup/新建易程序 (2)/新建易程序 (2)_2025-08-03 23.05.e	955552	1754233525
iDraw/eTools/backup/新建易程序/新建易程序_2025-08-08 17.38.31.e	11921	1754645910
iDraw/eTools/backup/新建易程序/新建易程序_2025-08-08 17.41.18.e	1667	1754646074
iDraw/eTools/backup/新建易程序/新建易程序_2025-08-08 17.42.50.e	1690	1754646146
iDraw/eTools/backup/新建易程序/新建易程序_2025-08-18 17.31.e	0	1755509211
iDraw/eTools/backup/新建易程序/新建易程序_2025-08-18 17.36.e	2065	1755509515
iDraw/eTools/backup/新建易程序/新建易程序_2025-08-18 17.41.e	955459	1755510042
iDraw/eTools/backup/新建易程序/新建易程序_2025-08-18 17.46.e	1090730	1755510325
iDraw/eTools/backup/新建易程序/新建易程序_2025-08-18 17.51.e	1091643	1755510655
iDraw/eTools/backup/新建易程序/新建易程序_2025-08-18 17.56.e	1092552	1755510985
iDraw/eTools/backup/新建易程序/新建易程序_2025-08-18 18.01.e	1092581	1755511165
iDraw/eTools/backup/新建易程序/新建易程序_2025-08-18 18.06.e	1092677	1755511601
iDraw/eTools/backup/新建易程序/新建易程序_2025-08-18 18.11.13.e	1092658	1755511870
iDraw/eTools/backup/新建易程序/新建易程序_2025-08-19 18.03.e	1092159	1755597585
iDraw/eTools/backup/新建易程序/新建易程序_2025-08-19 18.08.e	1139781	1755598100
iDraw/eTools/backup/新建易程序/新建易程序_2025-08-19 18.18.e	1139722	1755598570
iDraw/eTools/backup/新建易程序/新建易程序_2025-10-11 09.39.e	1105161	1760146668
iDraw/eTools/backup/新建易程序/新建易程序_2025-10-13 23.08.40.e	978504	1760368119
iDraw/eTools/backup/新建易程序/新建易程序_2025-11-23 19.26.e	979509	1763897171
iDraw/eTools/backup/新建易程序/新建易程序_2025-11-23 19.30.33.e	979553	1763897423
iDraw/eTools/backup/新建易程序/新建易程序_2025-11-23 21.29.52.e	979843	1763904579
iDraw/eTools/backup/新建易程序/新建易程序_2025-12-31 17.00.e	979458	1767171548
iDraw/eTools/backup/新建易程序/新建易程序_2025-12-31 17.05.e	980169	1767171903
iDraw/eTools/backup/新建易程序/新建易程序_2025-12-31 17.10.e	979774	1767171963
iDraw/eTools/backup/新建易程序/新建易程序_2026-01-13 22.29.32.e	1107205	1768314572
iDraw/eTools/backup/新建易程序/新建易程序_2026-02-15 15.40.e	136809	1771141015
iDraw/eTools/backup/新建易程序/新建易程序_2026-02-17 19.37.e	136934	1771328180
iDraw/eTools/backup/新建易程序/新建易程序_2026-02-17 19.42.e	137061	1771328498
iDraw/eTools/backup/新建易程序/新建易程序_2026-02-17 20.02.e	137285	1771329710
iDraw/eTools/backup/新建易程序/新建易程序_2026-02-17 20.07.e	137333	1771329898
iDraw/eTools/backup/易文件关联修复/易文件关联修复_2025-04-20 06.40.00.e	1899179	1529571616
iDraw/eTools/backup/易源码文件关联/易源码文件关联_2025-04-20 06.36.07.e	6366	1745102112
iDraw/eTools/backup/更新器/更新器_2025-05-10 12.53.50.e	115017	1673147857
iDraw/eTools/backup/最后曙光G/最后曙光G_2025-04-20 06.33.01.e	4391114	1743753623
iDraw/eTools/backup/服务端/服务端_2026-01-01 17.57.e	1059347	1767261195
iDraw/eTools/backup/服务端/服务端_2026-01-01 18.02.e	1059547	1767261653
iDraw/eTools/backup/服务端/服务端_2026-01-01 18.07.e	1059811	1767261955
iDraw/eTools/backup/服务端/服务端_2026-01-01 18.17.e	1060624	1767262545
iDraw/eTools/backup/服务端/服务端_2026-01-01 18.22.e	1060635	1767262660
iDraw/eTools/backup/服务端/服务端_2026-01-01 18.42.e	1060899	1767264125
iDraw/eTools/backup/服务端/服务端_2026-01-01 18.47.e	1061652	1767264302
iDraw/eTools/backup/服务端/服务端_2026-01-01 18.52.e	1062092	1767264696
iDraw/eTools/backup/服务端/服务端_2026-01-01 18.57.e	1062780	1767265014
iDraw/eTools/backup/服务端/服务端_2026-01-01 19.02.e	1062955	1767265304
iDraw/eTools/backup/服务端/服务端_2026-01-01 19.07.e	1063025	1767265386
iDraw/eTools/backup/服务端/服务端_2026-01-02 17.12.e	1063264	1767345094
iDraw/eTools/backup/服务端/服务端_2026-01-02 17.17.e	1063606	1767345157
iDraw/eTools/backup/服务端/服务端_2026-01-02 17.32.e	1064001	1767346321
iDraw/eTools/backup/服务端/服务端_2026-01-02 17.42.e	1199995	1767346915
iDraw/eTools/backup/服务端/服务端_2026-01-02 17.47.e	1200315	1767347194
iDraw/eTools/backup/服务端/服务端_2026-01-02 17.52.e	1200906	1767347494
iDraw/eTools/backup/服务端/服务端_2026-01-02 17.57.e	1201084	1767347679
iDraw/eTools/backup/服务端/服务端_2026-01-02 18.02.e	1201149	1767347933
iDraw/eTools/backup/服务端/服务端_2026-01-02 18.07.e	1202207	1767348364
iDraw/eTools/backup/服务端/服务端_2026-01-02 18.12.e	1202815	1767348656
iDraw/eTools/backup/服务端/服务端_2026-01-02 18.22.e	1203103	1767349084
iDraw/eTools/backup/服务端/服务端_2026-01-02 19.07.e	1205184	1767351643
iDraw/eTools/backup/服务端/服务端_2026-01-02 19.17.e	1205527	1767352602
iDraw/eTools/backup/服务端/服务端_2026-01-02 22.57.e	1205631	1767353159
iDraw/eTools/backup/服务端/服务端_2026-01-03 15.17.e	1206716	1767424589
iDraw/eTools/backup/服务端/服务端_2026-01-03 15.59.28.e	1207105	1767427163
iDraw/eTools/backup/服务端/服务端_2026-01-05 22.40.e	1203791	1767622910
iDraw/eTools/backup/服务端/服务端_2026-01-05 22.55.e	1204420	1767624862
iDraw/eTools/backup/服药助手/服药助手_2025-03-06 21.23.16.e	948943	1735196405
iDraw/eTools/backup/栗子兼容器[1.x.x]/栗子兼容器[1.x.x]_2025-09-30 22.35.e	1244097	1759242747
iDraw/eTools/backup/栗子兼容器[1.x.x]/栗子兼容器[1.x.x]_2025-09-30 22.50.e	1244163	1759243797
iDraw/eTools/backup/栗子兼容器[1.x.x]/栗子兼容器[1.x.x]_2025-09-30 22.55.e	1244204	1759244123
iDraw/eTools/backup/栗子兼容器[1.x.x]/栗子兼容器[1.x.x]_2025-09-30 23.00.e	1244310	1759244397
iDraw/eTools/backup/栗子兼容器[1.x.x]/栗子兼容器[1.x.x]_2025-09-30 23.05.e	1244223	1759244715
iDraw/eTools/backup/栗子兼容器[1.x.x]/栗子兼容器[1.x.x]_2025-09-30 23.25.e	1245913	1759245897
iDraw/eTools/backup/栗子兼容器[1.x.x]/栗子兼容器[1.x.x]_2025-09-30 23.30.e	1246123	1759246225
iDraw/eTools/backup/栗子兼容器[1.x.x]/栗子兼容器[1.x.x]_2025-09-30 23.35.e	1247042	1759246497
iDraw/eTools/backup/栗子兼容器[1.x.x]/栗子兼容器[1.x.x]_2025-09-30 23.45.e	1247994	1759247051
iDraw/eTools/backup/栗子兼容器[1.x.x]/栗子兼容器[1.x.x]_2025-09-30 23.55.e	1254260	1759247697
iDraw/eTools/backup/栗子兼容器[1.x.x]/栗子兼容器[1.x.x]_2025-10-01 10.25.e	1254457	1759285348
iDraw/eTools/backup/栗子兼容器[1.x.x]/栗子兼容器[1.x.x]_2025-10-01 10.40.e	576942	1759286397
iDraw/eTools/backup/栗子兼容器[1.x.x]/栗子兼容器[1.x.x]_2025-10-01 11.00.e	1558782	1759287477
iDraw/eTools/backup/栗子兼容器[1.x.x]/栗子兼容器[1.x.x]_2025-10-01 11.10.e	1558803	1759287973
iDraw/eTools/backup/栗子兼容器[1.x.x]/栗子兼容器[1.x.x]_2025-10-01 11.20.e	1561142	1759288797
iDraw/eTools/backup/栗子兼容器[1.x.x]/栗子兼容器[1.x.x]_2025-10-01 11.25.e	1561210	1759288925
iDraw/eTools/backup/栗子兼容器[1.x.x]/栗子兼容器[1.x.x]_2025-10-01 11.35.e	1560813	1759289416
iDraw/eTools/backup/栗子兼容器[1.x.x]/栗子兼容器[1.x.x]_2025-10-01 11.50.e	1560813	1759290597
iDraw/eTools/backup/栗子兼容器[1.x.x]/栗子兼容器[1.x.x]_2025-10-01 20.15.e	1561557	1759320837
iDraw/eTools/backup/栗子兼容器[1.x.x]/栗子兼容器[1.x.x]_2025-10-01 20.20.e	1561772	1759321197
iDraw/eTools/backup/栗子兼容器[1.x.x]/栗子兼容器[1.x.x]_2025-10-01 20.25.e	1561968	1759321498
iDraw/eTools/backup/栗子兼容器[1.x.x]/栗子兼容器[1.x.x]_2025-10-01 20.30.e	1561986	1759321797
iDraw/eTools/backup/栗子兼容器[1.x.x]/栗子兼容器[1.x.x]_2025-10-01 20.35.e	1562179	1759322097
iDraw/eTools/backup/栗子兼容器[1.x.x]/栗子兼容器[1.x.x]_2025-10-01 20.40.e	1564022	1759322422
iDraw/eTools/backup/栗子兼容器[1.x.x]/栗子兼容器[1.x.x]_2025-10-01 20.45.e	1564018	1759322437
iDraw/eTools/backup/栗子兼容器[1.x.x]/栗子兼容器[1.x.x]_2025-10-01 20.50.e	1564210	1759322787
iDraw/eTools/backup/栗子兼容器[1.x.x]/栗子兼容器[1.x.x]_2025-10-01 21.40.e	1564273	1759326015
iDraw/eTools/backup/栗子兼容器[1.x.x]/栗子兼容器[1.x.x]_2025-10-01 21.45.e	1564248	1759326047
iDraw/eTools/backup/栗子兼容器[1.x.x]/栗子兼容器[1.x.x]_2025-10-01 21.50.e	1564248	1759326379
iDraw/eTools/backup/栗子兼容器[1.x.x]/栗子兼容器[1.x.x]_2025-10-01 23.07.56.e	1564248	1759331273
iDraw/eTools/backup/栗子虚拟机/栗子虚拟机_2025-05-20 19.58.14.e	6602684	1681480611
iDraw/eTools/backup/栗子虚拟机[1.x.x]/栗子虚拟机[1.x.x]_2025-07-14 19.42.20.e	7401603	1746197642
iDraw/eTools/backup/栗子虚拟机[1.x.x]/栗子虚拟机[1.x.x]_2025-12-16 12.52.e	7432432	1765860461
iDraw/eTools/backup/栗子虚拟机[2.x.x]/栗子虚拟机[2.x.x]_2025-09-24 16.48.53.e	7481569	1758703561
iDraw/eTools/backup/栗子虚拟机[2.x.x]/栗子虚拟机[2.x.x]_2025-09-24 18.10.e	7481231	1758708502
iDraw/eTools/backup/栗子虚拟机[2.x.x]/栗子虚拟机[2.x.x]_2025-09-24 18.19.51.e	7481231	1758709181
iDraw/eTools/backup/栗子虚拟机[2.x.x]/栗子虚拟机[2.x.x]_2025-09-27 19.48.e	7481748	1758973675
iDraw/eTools/backup/栗子虚拟机[2.x.x]/栗子虚拟机[2.x.x]_2025-09-27 19.53.e	7482259	1758973989
iDraw/eTools/backup/栗子虚拟机[2.x.x]/栗子虚拟机[2.x.x]_2025-09-27 19.58.e	7482343	1758974038
iDraw/eTools/backup/栗子虚拟机[2.x.x]/栗子虚拟机[2.x.x]_2025-09-27 20.03.e	7482415	1758974575
iDraw/eTools/backup/栗子虚拟机[2.x.x]/栗子虚拟机[2.x.x]_2025-09-27 20.04.28.e	7482415	1758974660
iDraw/eTools/backup/栗子虚拟机[2.x.x]/栗子虚拟机[2.x.x]_2025-09-27 20.07.23.e	7482189	1758974812
iDraw/eTools/backup/栗子虚拟机[2.x.x]/栗子虚拟机[2.x.x]_2025-09-27 20.14.e	7482417	1758975097
iDraw/eTools/backup/栗子虚拟机[2.x.x]/栗子虚拟机[2.x.x]_2025-09-27 20.19.e	7482493	1758975344
iDraw/eTools/backup/栗子虚拟机[2.x.x]/栗子虚拟机[2.x.x]_2025-09-27 20.24.e	7483140	1758975719
iDraw/eTools/backup/栗子虚拟机[2.x.x]/栗子虚拟机[2.x.x]_2025-09-28 19.20.e	7391961	1759058358
iDraw/eTools/backup/栗子虚拟机[2.x.x]/栗子虚拟机[2.x.x]_2025-09-28 19.25.e	5787640	1759058688
iDraw/eTools/backup/栗子虚拟机[2.x.x]/栗子虚拟机[2.x.x]_2025-09-28 19.34.e	5274068	1759058898
iDraw/eTools/backup/栗子虚拟机[2.x.x]/栗子虚拟机[2.x.x]_2025-09-28 19.39.e	5268839	1759059263
iDraw/eTools/backup/栗子虚拟机[2.x.x]/栗子虚拟机[2.x.x]_2025-09-28 19.49.e	5366184	1759060132
iDraw/eTools/backup/栗子虚拟机[2.x.x]/栗子虚拟机[2.x.x]_2025-09-28 19.54.e	5312889	1759060432
iDraw/eTools/backup/栗子虚拟机[2.x.x]/栗子虚拟机[2.x.x]_2025-09-28 19.59.e	5296334	1759060702
iDraw/eTools/backup/栗子虚拟机[2.x.x]/栗子虚拟机[2.x.x]_2025-09-28 20.04.e	5299616	1759061032
iDraw/eTools/backup/栗子虚拟机[2.x.x]/栗子虚拟机[2.x.x]_2025-09-28 20.14.e	5299515	1759061469
iDraw/eTools/backup/栗子虚拟机[2.x.x]/栗子虚拟机[2.x.x]_2025-09-28 20.19.e	5299542	1759061738
iDraw/eTools/backup/栗子虚拟机[2.x.x]/栗子虚拟机[2.x.x]_2025-09-28 20.28.49.e	5114908	1759062526
iDraw/eTools/backup/栗子虚拟机[2.x.x]/栗子虚拟机[2.x.x]_2025-09-28 20.39.e	5189688	1759063138
iDraw/eTools/backup/栗子虚拟机[2.x.x]/栗子虚拟机[2.x.x]_2025-09-28 20.44.e	5189688	1759063253
iDraw/eTools/backup/栗子虚拟机[2.x.x]/栗子虚拟机[2.x.x]_2025-09-28 21.08.59.e	5189688	1759064932
iDraw/eTools/backup/栗子虚拟机[2.x.x]/栗子虚拟机[2.x.x]_2025-10-12 11.57.12.e	7483140	1758975719
iDraw/eTools/backup/栗子虚拟机[2.x.x]/栗子虚拟机[2.x.x]_2025-11-01 20.20.e	7483407	1761999375
iDraw/eTools/backup/栗子虚拟机[2.x.x]/栗子虚拟机[2.x.x]_2025-11-01 20.30.e	7483403	1762000155
iDraw/eTools/backup/栗子虚拟机[2.x.x]/栗子虚拟机[2.x.x]_2026-02-21 14.16.04.e	7483140	1758975719
iDraw/eTools/backup/栗子虚拟机[3.1.x]_e2ee/栗子虚拟机[3.1.x]_e2ee_2026-07-14 13.09.13.e	5338868	1784005720
iDraw/eTools/backup/栗子虚拟机[3.1.x]_e2ee/栗子虚拟机[3.1.x]_e2ee_2026-07-14 13.15.e	5338171	1784005930
iDraw/eTools/backup/栗子虚拟机[3.1.x]_e2ee/栗子虚拟机[3.1.x]_e2ee_2026-07-19 12.25.e	5338181	1784434956
iDraw/eTools/backup/栗子虚拟机[3.1.x]_e2ee/栗子虚拟机[3.1.x]_e2ee_2026-07-19 12.30.e	5338181	1784435428
iDraw/eTools/backup/栗子虚拟机[3.1.x]_e2ee/栗子虚拟机[3.1.x]_e2ee_2026-07-19 12.43.32.e	5338181	1784436206
iDraw/eTools/backup/栗子虚拟机[3.1.x]_e2ee/栗子虚拟机[3.1.x]_e2ee_2026-08-19 00.47.e	5338177	1787071587
iDraw/eTools/backup/栗子虚拟机[3.1.x]_e2ee/栗子虚拟机[3.1.x]_e2ee_2026-08-19 00.52.e	5338177	1787071666
iDraw/eTools/backup/栗子虚拟机[3.1.x]_e2ee/栗子虚拟机[3.1.x]_e2ee_2026-08-22 14.17.09.e	5338177	1787379421
iDraw/eTools/backup/栗子虚拟机[3.1.x]_e2ee/栗子虚拟机[3.1.x]_e2ee_2026-09-01 23.02.e	5338023	1788274961
iDraw/eTools/backup/栗子虚拟机[3.1.x]_e2ee/栗子虚拟机[3.1.x]_e2ee_2026-09-01 23.07.e	5338030	1788274977
iDraw/eTools/backup/栗子虚拟机[3.1.x]_e2ee/栗子虚拟机[3.1.x]_e2ee_2026-09-01 23.12.e	5337730	1788275547
iDraw/eTools/backup/栗子虚拟机[3.1.x]_e2ee/栗子虚拟机[3.1.x]_e2ee_2026-09-01 23.17.e	5337991	1788275847
iDraw/eTools/backup/栗子虚拟机[3.1.x]_e2ee/栗子虚拟机[3.1.x]_e2ee_2026-09-01 23.22.e	5337986	1788276069
iDraw/eTools/backup/栗子虚拟机[3.1.x]_e2ee/栗子虚拟机[3.1.x]_e2ee_2026-09-01 23.42.e	5338052	1788277373
iDraw/eTools/backup/栗子虚拟机[3.1.x]_e2ee/栗子虚拟机[3.1.x]_e2ee_2026-09-01 23.52.e	5338047	1788277976
iDraw/eTools/backup/栗子虚拟机[3.1.x]_e2ee/栗子虚拟机[3.1.x]_e2ee_2026-09-12 00.24.e	5338296	1789143788
iDraw/eTools/backup/栗子虚拟机[3.1.x]_e2ee/栗子虚拟机[3.1.x]_e2ee_2026-09-14 21.18.47.e	5338205	1789391914
iDraw/eTools/backup/栗子虚拟机[3.1.x]_e2ee/栗子虚拟机[3.1.x]_e2ee_2026-09-14 22.47.e	5338205	1789397178
iDraw/eTools/backup/栗子虚拟机[3.1.x]_e2ee/栗子虚拟机[3.1.x]_e2ee_2026-09-14 22.52.e	5338236	1789397527
iDraw/eTools/backup/栗子虚拟机[3.1.x]_e2ee/栗子虚拟机[3.1.x]_e2ee_2026-09-14 22.57.e	5338239	1789397685
iDraw/eTools/backup/栗子虚拟机[3.1.x]_e2ee/栗子虚拟机[3.1.x]_e2ee_2026-09-14 23.07.e	5338253	1789398211
iDraw/eTools/backup/栗子虚拟机[3.1.x]_e2ee/栗子虚拟机[3.1.x]_e2ee_2026-09-15 11.37.e	5348534	1789443459
iDraw/eTools/backup/栗子虚拟机[3.1.x]_e2ee/栗子虚拟机[3.1.x]_e2ee_2026-09-15 11.42.e	5348759	1789443732
iDraw/eTools/backup/栗子虚拟机[3.1.x]_e2ee/栗子虚拟机[3.1.x]_e2ee_2026-09-15 11.47.e	5348485	1789443921
iDraw/eTools/backup/栗子虚拟机[3.1.x]_e2ee/栗子虚拟机[3.1.x]_e2ee_2026-09-16 09.23.01.e	5338158	1789521776
iDraw/eTools/backup/栗子虚拟机[3.1.x]_e2ee/栗子虚拟机[3.1.x]_e2ee_2026-09-16 09.33.e	5338239	1789522203
iDraw/eTools/backup/栗子虚拟机[3.1.x]_e2ee/栗子虚拟机[3.1.x]_e2ee_2026-09-16 09.38.e	5338336	1789522450
iDraw/eTools/backup/栗子虚拟机[3.1.x]_e2ee/栗子虚拟机[3.1.x]_e2ee_2026-09-16 09.49.39.e	5338362	1789523316
iDraw/eTools/backup/栗子虚拟机[3.1.x]_e2ee/栗子虚拟机[3.1.x]_e2ee_2026-09-16 09.55.07.e	5338158	1789523684
iDraw/eTools/backup/栗子虚拟机[3.x.x] - 複製/栗子虚拟机[3.x.x] - 複製_2026-02-26 13.53.e	5313089	1772082425
iDraw/eTools/backup/栗子虚拟机[3.x.x]/栗子虚拟机[3.x.x]_2026-02-21 10.59.e	5310192	1771642545
iDraw/eTools/backup/栗子虚拟机[3.x.x]/栗子虚拟机[3.x.x]_2026-02-21 11.09.e	5310192	1771643193
iDraw/eTools/backup/栗子虚拟机[3.x.x]/栗子虚拟机[3.x.x]_2026-02-22 19.59.e	5310617	1771761336
iDraw/eTools/backup/栗子虚拟机[3.x.x]/栗子虚拟机[3.x.x]_2026-02-22 20.09.e	5310573	1771762148
iDraw/eTools/backup/栗子虚拟机[3.x.x]/栗子虚拟机[3.x.x]_2026-02-22 20.14.e	5311147	1771762414
iDraw/eTools/backup/栗子虚拟机[3.x.x]/栗子虚拟机[3.x.x]_2026-02-22 22.24.e	5311174	1771770248
iDraw/eTools/backup/栗子虚拟机[3.x.x]/栗子虚拟机[3.x.x]_2026-02-22 22.29.e	5310760	1771770308
iDraw/eTools/backup/栗子虚拟机[3.x.x]/栗子虚拟机[3.x.x]_2026-02-22 22.34.e	5313267	1771770848
iDraw/eTools/backup/栗子虚拟机[3.x.x]/栗子虚拟机[3.x.x]_2026-02-22 22.39.e	5313661	1771771148
iDraw/eTools/backup/栗子虚拟机[3.x.x]/栗子虚拟机[3.x.x]_2026-02-22 22.44.e	5314241	1771771448
iDraw/eTools/backup/栗子虚拟机[3.x.x]/栗子虚拟机[3.x.x]_2026-02-22 22.49.e	5314312	1771771775
iDraw/eTools/backup/栗子虚拟机[3.x.x]/栗子虚拟机[3.x.x]_2026-02-22 22.54.e	5314308	1771771887
iDraw/eTools/backup/栗子虚拟机[3.x.x]/栗子虚拟机[3.x.x]_2026-02-23 13.24.e	5314335	1771824099
iDraw/eTools/backup/栗子虚拟机[3.x.x]/栗子虚拟机[3.x.x]_2026-02-23 13.54.e	5314335	1771826049
iDraw/eTools/backup/栗子虚拟机[3.x.x]/栗子虚拟机[3.x.x]_2026-02-23 13.59.e	5314335	1771826159
iDraw/eTools/backup/栗子虚拟机[3.x.x]/栗子虚拟机[3.x.x]_2026-02-23 14.09.e	5314335	1771826679
iDraw/eTools/backup/栗子虚拟机[3.x.x]/栗子虚拟机[3.x.x]_2026-02-26 13.07.e	5313089	1772082425
iDraw/eTools/backup/栗子虚拟机[3.x.x]/栗子虚拟机[3.x.x]_2026-02-26 16.04.e	5313428	1772093048
iDraw/eTools/backup/栗子虚拟机[3.x.x]/栗子虚拟机[3.x.x]_2026-02-26 16.09.e	5313526	1772093286
iDraw/eTools/backup/栗子虚拟机[3.x.x]/栗子虚拟机[3.x.x]_2026-02-26 16.14.e	5313476	1772093499
iDraw/eTools/backup/栗子虚拟机[3.x.x]/栗子虚拟机[3.x.x]_2026-02-26 16.19.e	5313493	1772093974
iDraw/eTools/backup/栗子虚拟机[3.x.x]/栗子虚拟机[3.x.x]_2026-02-26 16.22.12.e	5313526	1772094124
iDraw/eTools/backup/栗子虚拟机[3.x.x]/栗子虚拟机[3.x.x]_2026-02-26 16.23.30.e	5313491	1772094200
iDraw/eTools/backup/栗子虚拟机[3.x.x]/栗子虚拟机[3.x.x]_2026-02-27 22.37.e	5313509	1772202759
iDraw/eTools/backup/栗子虚拟机[3.x.x]/栗子虚拟机[3.x.x]_2026-03-03 15.55.e	5313554	1772524456
iDraw/eTools/backup/栗子虚拟机[3.x.x]/栗子虚拟机[3.x.x]_2026-03-04 18.40.e	5313800	1772620782
iDraw/eTools/backup/栗子虚拟机[3.x.x]/栗子虚拟机[3.x.x]_2026-03-04 18.45.e	5313796	1772620831
iDraw/eTools/backup/栗子虚拟机[3.x.x]/栗子虚拟机[3.x.x]_2026-03-04 18.50.e	5313868	1772621212
iDraw/eTools/backup/栗子虚拟机[3.x.x]/栗子虚拟机[3.x.x]_2026-03-04 19.48.11.e	5313868	1772624882
iDraw/eTools/backup/栗子虚拟机[3.x.x]_e2ee/栗子虚拟机[3.x.x]_e2ee_2026-05-04 00.13.e	5345011	1777822403
iDraw/eTools/backup/栗子虚拟机[3.x.x]_e2ee/栗子虚拟机[3.x.x]_e2ee_2026-05-04 01.28.e	5344879	1777829105
iDraw/eTools/backup/栗子虚拟机[3.x.x]_新UI/栗子虚拟机[3.x.x]_新UI_2026-04-01 14.12.e	5344348	1775023797
iDraw/eTools/backup/栗子虚拟机[3.x.x]_新UI/栗子虚拟机[3.x.x]_新UI_2026-04-01 22.22.e	5344348	1775053244
iDraw/eTools/backup/栗子虚拟机[3.x.x]_新UI/栗子虚拟机[3.x.x]_新UI_2026-04-10 09.40.e	5342790	1775785034
iDraw/eTools/backup/栗子虚拟机[3.x.x]_新UI/栗子虚拟机[3.x.x]_新UI_2026-04-10 11.30.e	5342790	1775791613
iDraw/eTools/backup/栗子虚拟机[3.x.x]_新UI/栗子虚拟机[3.x.x]_新UI_2026-04-11 00.10.e	5342817	1775837273
iDraw/eTools/backup/栗子虚拟机[3.x.x]_新UI/栗子虚拟机[3.x.x]_新UI_2026-04-11 15.05.e	5343527	1775891080
iDraw/eTools/backup/栗子虚拟机[3.x.x]_新UI/栗子虚拟机[3.x.x]_新UI_2026-04-15 14.35.e	5343573	1776234909
iDraw/eTools/backup/栗子虚拟机[3.x.x]_新UI/栗子虚拟机[3.x.x]_新UI_2026-04-15 14.40.e	5345184	1776235215
iDraw/eTools/backup/栗子虚拟机[3.x.x]_新UI/栗子虚拟机[3.x.x]_新UI_2026-04-15 14.45.e	5345100	1776235280
iDraw/eTools/backup/栗子虚拟机[3.x.x]_新UI/栗子虚拟机[3.x.x]_新UI_2026-04-16 18.25.e	5345427	1776334952
iDraw/eTools/backup/栗子虚拟机[3.x.x]_新UI/栗子虚拟机[3.x.x]_新UI_2026-04-18 20.00.e	5345427	1776513506
iDraw/eTools/backup/栗子虚拟机[3.x.x]_新UI/栗子虚拟机[3.x.x]_新UI_2026-04-19 11.49.e	5344296	1776570509
iDraw/eTools/backup/栗子虚拟机[3.x.x]_新UI/栗子虚拟机[3.x.x]_新UI_2026-04-19 11.54.e	5344298	1776570606
iDraw/eTools/backup/栗子虚拟机[3.x.x]_新UI/栗子虚拟机[3.x.x]_新UI_2026-04-21 16.21.e	5344625	1776759571
iDraw/eTools/backup/栗子虚拟机[3.x.x]_新UI/栗子虚拟机[3.x.x]_新UI_2026-04-21 16.26.e	5344711	1776759903
iDraw/eTools/backup/栗子虚拟机[3.x.x]_新UI/栗子虚拟机[3.x.x]_新UI_2026-04-21 16.31.e	5344711	1776760141
iDraw/eTools/backup/栗子虚拟机[3.x.x]_新UI/栗子虚拟机[3.x.x]_新UI_2026-04-21 16.36.e	5344694	1776760342
iDraw/eTools/backup/栗子虚拟机[3.x.x]_新UI/栗子虚拟机[3.x.x]_新UI_2026-04-21 16.41.e	5344730	1776760604
iDraw/eTools/backup/栗子虚拟机[3.x.x]_新UI/栗子虚拟机[3.x.x]_新UI_2026-04-21 16.46.e	5344901	1776760978
iDraw/eTools/backup/栗子虚拟机[3.x.x]_新UI/栗子虚拟机[3.x.x]_新UI_2026-04-21 16.56.e	5344901	1776761529
iDraw/eTools/backup/栗子虚拟机[3.x.x]_新UI/栗子虚拟机[3.x.x]_新UI_2026-04-21 22.31.e	5344914	1776781843
iDraw/eTools/backup/栗子虚拟机[3.x.x]_新UI/栗子虚拟机[3.x.x]_新UI_2026-04-21 22.36.e	5344901	1776781953
iDraw/eTools/backup/栗子虚拟机[3.x.x]_新UI/栗子虚拟机[3.x.x]_新UI_2026-05-03 23.33.e	5345011	1777822403
iDraw/eTools/backup/栗子虚拟机[3.x.x]_新UI/栗子虚拟机[3.x.x]_新UI_2026-05-06 00.45.e	5345186	1777999522
iDraw/eTools/backup/栗子虚拟机[3.x.x]_新UI/栗子虚拟机[3.x.x]_新UI_2026-05-06 01.35.e	5345234	1778002498
iDraw/eTools/backup/栗子虚拟机[3.x.x]_新UI/栗子虚拟机[3.x.x]_新UI_2026-05-06 01.55.e	5345252	1778003484
iDraw/eTools/backup/栗子虚拟机[3.x.x]_新UI/栗子虚拟机[3.x.x]_新UI_2026-05-07 16.35.e	5354780	1778142890
iDraw/eTools/backup/栗子虚拟机[3.x.x]_新UI/栗子虚拟机[3.x.x]_新UI_2026-05-11 19.30.e	5354811	1778498926
iDraw/eTools/backup/栗子虚拟机[3.x.x]_新UI/栗子虚拟机[3.x.x]_新UI_2026-05-14 16.50.e	5361983	1778748508
iDraw/eTools/backup/栗子虚拟机[3.x.x]_新UI/栗子虚拟机[3.x.x]_新UI_2026-05-14 21.07.57.e	5369143	1778764068
iDraw/eTools/backup/栗子虚拟机_无边框/栗子虚拟机_无边框_2025-04-11 21.13.e	7404132	1744377086
iDraw/eTools/backup/栗子虚拟机_无边框/栗子虚拟机_无边框_2025-04-11 21.18.e	7404179	1744377505
iDraw/eTools/backup/栗子虚拟机_无边框/栗子虚拟机_无边框_2025-04-12 05.23.e	7404404	1744377719
iDraw/eTools/backup/栗子虚拟机_无边框/栗子虚拟机_无边框_2025-04-12 05.43.e	7405211	1744407714
iDraw/eTools/backup/栗子虚拟机_无边框/栗子虚拟机_无边框_2025-04-12 05.48.e	7405461	1744408064
iDraw/eTools/backup/栗子虚拟机_无边框/栗子虚拟机_无边框_2025-04-12 05.53.e	7405685	1744408366
iDraw/eTools/backup/栗子虚拟机_无边框/栗子虚拟机_无边框_2025-04-12 09.02.e	7405632	1744409062
iDraw/eTools/backup/栗子虚拟机_无边框/栗子虚拟机_无边框_2025-04-12 09.23.e	7400290	1744420804
iDraw/eTools/backup/栗子虚拟机_无边框/栗子虚拟机_无边框_2025-04-12 09.28.e	7400236	1744421274
iDraw/eTools/backup/栗子虚拟机_无边框/栗子虚拟机_无边框_2025-04-12 09.33.e	7400659	1744421598
iDraw/eTools/backup/栗子虚拟机_无边框/栗子虚拟机_无边框_2025-04-12 10.03.e	7400639	1744423271
iDraw/eTools/backup/栗子虚拟机_无边框/栗子虚拟机_无边框_2025-04-12 12.02.e	7401132	1744424833
iDraw/eTools/backup/栗子虚拟机_无边框/栗子虚拟机_无边框_2025-04-12 12.07.e	7401132	1744430649
iDraw/eTools/backup/栗子虚拟机_无边框/栗子虚拟机_无边框_2025-04-12 12.17.e	7401206	1744431408
iDraw/eTools/backup/栗子虚拟机_无边框/栗子虚拟机_无边框_2025-04-12 12.22.e	7401228	1744431453
iDraw/eTools/backup/栗子虚拟机_无边框/栗子虚拟机_无边框_2025-04-12 12.27.e	7401309	1744432020
iDraw/eTools/backup/栗子虚拟机_无边框/栗子虚拟机_无边框_2025-04-12 12.32.e	7401230	1744432293
iDraw/eTools/backup/栗子虚拟机_无边框/栗子虚拟机_无边框_2025-04-12 13.07.e	7401355	1744434314
iDraw/eTools/backup/栗子虚拟机_无边框/栗子虚拟机_无边框_2025-04-12 13.12.e	7401442	1744434662
iDraw/eTools/backup/栗子虚拟机_无边框/栗子虚拟机_无边框_2025-04-12 13.27.e	7401507	1744435614
iDraw/eTools/backup/栗子虚拟机_无边框/栗子虚拟机_无边框_2025-04-13 06.45.e	7401530	1744497786
iDraw/eTools/backup/栗子虚拟机_无边框/栗子虚拟机_无边框_2025-04-13 06.55.e	7401554	1744498314
iDraw/eTools/backup/栗子虚拟机_无边框/栗子虚拟机_无边框_2025-04-15 13.36.e	7402425	1744695170
iDraw/eTools/backup/栗子虚拟机_无边框/栗子虚拟机_无边框_2025-04-16 20.19.e	7402575	1744805592
iDraw/eTools/backup/栗子虚拟机_无边框/栗子虚拟机_无边框_2025-04-16 20.54.e	7402575	1744808031
iDraw/eTools/backup/栗子虚拟机_无边框/栗子虚拟机_无边框_2025-04-16 20.59.e	7402580	1744808049
iDraw/eTools/backup/栗子虚拟机_无边框/栗子虚拟机_无边框_2025-04-17 11.31.e	7402659	1744857805
iDraw/eTools/backup/栗子虚拟机_无边框/栗子虚拟机_无边框_2025-04-19 08.37.e	7401543	1745022870
iDraw/eTools/backup/栗子虚拟机_无边框/栗子虚拟机_无边框_2025-05-02 22.55.e	7401603	1746197642
iDraw/eTools/backup/栗子适配器[1.x.x]/栗子适配器[1.x.x]_2025-11-21 18.53.e	2190952	1763722386
iDraw/eTools/backup/栗子适配器[1.x.x]/栗子适配器[1.x.x]_2025-11-21 18.56.24.e	2190964	1763722575
iDraw/eTools/backup/栗子适配器[1.x.x]/栗子适配器[1.x.x]_2025-11-23 23.42.e	2185849	1763912429
iDraw/eTools/backup/栗子适配器[1.x.x]/栗子适配器[1.x.x]_2025-11-24 00.07.e	2186611	1763914027
iDraw/eTools/backup/栗子适配器[1.x.x]/栗子适配器[1.x.x]_2025-11-24 00.17.e	2186611	1763914376
iDraw/eTools/backup/栗子适配器[1.x.x]/栗子适配器[1.x.x]_2025-11-25 08.51.e	2193498	1764031860
iDraw/eTools/backup/栗子适配器[1.x.x]/栗子适配器[1.x.x]_2025-11-25 08.56.e	2194578	1764032160
iDraw/eTools/backup/栗子适配器[1.x.x]/栗子适配器[1.x.x]_2025-11-25 09.01.e	2194953	1764032430
iDraw/eTools/backup/栗子适配器[1.x.x]/栗子适配器[1.x.x]_2025-11-25 09.06.e	2195304	1764032760
iDraw/eTools/backup/栗子适配器[1.x.x]/栗子适配器[1.x.x]_2025-11-25 09.11.e	2197727	1764033086
iDraw/eTools/backup/栗子适配器[1.x.x]/栗子适配器[1.x.x]_2025-11-25 09.16.e	2197780	1764033360
iDraw/eTools/backup/栗子适配器[1.x.x]/栗子适配器[1.x.x]_2025-11-25 09.21.e	2198808	1764033472
iDraw/eTools/backup/栗子适配器[1.x.x]/栗子适配器[1.x.x]_2025-11-25 09.31.e	2209758	1764034260
iDraw/eTools/backup/栗子适配器[1.x.x]/栗子适配器[1.x.x]_2025-11-25 09.36.e	2210156	1764034470
iDraw/eTools/backup/栗子适配器[1.x.x]/栗子适配器[1.x.x]_2025-11-25 09.41.e	2211264	1764034888
iDraw/eTools/backup/栗子适配器[1.x.x]/栗子适配器[1.x.x]_2025-11-25 09.46.e	2205248	1764035160
iDraw/eTools/backup/栗子适配器[1.x.x]/栗子适配器[1.x.x]_2025-11-25 09.51.e	2205859	1764035400
iDraw/eTools/backup/栗子适配器[1.x.x]/栗子适配器[1.x.x]_2025-11-25 10.01.e	2206099	1764035921
iDraw/eTools/backup/栗子适配器[1.x.x]/栗子适配器[1.x.x]_2025-11-25 10.06.e	2206052	1764036360
iDraw/eTools/backup/栗子适配器[1.x.x]/栗子适配器[1.x.x]_2025-11-25 11.01.e	2206743	1764039270
iDraw/eTools/backup/栗子适配器[1.x.x]/栗子适配器[1.x.x]_2025-11-25 11.16.e	2206834	1764040560
iDraw/eTools/backup/栗子适配器[1.x.x]/栗子适配器[1.x.x]_2025-11-25 11.21.e	2206818	1764040860
iDraw/eTools/backup/栗子适配器[1.x.x]/栗子适配器[1.x.x]_2025-11-25 11.26.e	2206796	1764041160
iDraw/eTools/backup/栗子适配器[1.x.x]/栗子适配器[1.x.x]_2025-11-25 11.41.e	2206687	1764041790
iDraw/eTools/backup/栗子适配器[1.x.x]/栗子适配器[1.x.x]_2025-11-25 12.06.e	2355922	1764043488
iDraw/eTools/backup/栗子适配器[1.x.x]/栗子适配器[1.x.x]_2025-11-25 12.36.e	2803192	1764045360
iDraw/eTools/backup/栗子适配器[1.x.x]/栗子适配器[1.x.x]_2025-11-25 22.21.e	2803197	1764080400
iDraw/eTools/backup/栗子适配器[1.x.x]/栗子适配器[1.x.x]_2025-11-25 22.46.e	2803270	1764081930
iDraw/eTools/backup/栗子适配器[1.x.x]/栗子适配器[1.x.x]_2025-11-25 22.47.01.e	2803228	1764082017
iDraw/eTools/backup/栗子适配器[3.0.9]/栗子适配器[3.0.9]_2026-05-05 03.38.48.e	2431493	1777822107
iDraw/eTools/backup/栗子适配器[3.0.x]/栗子适配器[3.0.x]_2026-05-19 13.52.48.e	2423120	1776312796
iDraw/eTools/backup/栗子适配器[3.1.0]/栗子适配器[3.1.0]_2026-05-05 12.21.e	2430907	1777954859
iDraw/eTools/backup/栗子适配器[3.1.0]/栗子适配器[3.1.0]_2026-05-05 12.41.e	2430927	1777955913
iDraw/eTools/backup/栗子适配器[3.1.0]/栗子适配器[3.1.0]_2026-05-05 12.46.e	2430955	1777956329
iDraw/eTools/backup/栗子适配器[3.1.0]/栗子适配器[3.1.0]_2026-05-05 12.51.e	2436541	1777956638
iDraw/eTools/backup/栗子适配器[3.1.0]/栗子适配器[3.1.0]_2026-05-05 12.56.e	2436556	1777956903
iDraw/eTools/backup/栗子适配器[3.1.0]/栗子适配器[3.1.0]_2026-05-05 13.01.e	2436460	1777957113
iDraw/eTools/backup/栗子适配器[3.1.0]/栗子适配器[3.1.0]_2026-05-05 13.06.e	2432911	1777957533
iDraw/eTools/backup/栗子适配器[3.1.0]/栗子适配器[3.1.0]_2026-05-05 13.41.e	2277713	1777958043
iDraw/eTools/backup/栗子适配器[3.1.0]/栗子适配器[3.1.0]_2026-05-05 14.01.e	2277742	1777960679
iDraw/eTools/backup/栗子适配器[3.1.0]_e2ee/栗子适配器[3.1.0]_e2ee_2026-05-11 21.51.e	2143925	1778507472
iDraw/eTools/backup/栗子适配器[3.1.0]_e2ee/栗子适配器[3.1.0]_e2ee_2026-05-12 23.16.e	2141171	1778598970
iDraw/eTools/backup/栗子适配器[3.1.0]_e2ee/栗子适配器[3.1.0]_e2ee_2026-05-12 23.21.e	2145692	1778599212
iDraw/eTools/backup/栗子适配器[3.1.0]_e2ee/栗子适配器[3.1.0]_e2ee_2026-05-12 23.31.e	2145679	1778599893
iDraw/eTools/backup/栗子适配器[3.1.0]_e2ee/栗子适配器[3.1.0]_e2ee_2026-05-12 23.36.e	2146245	1778600172
iDraw/eTools/backup/栗子适配器[3.1.0]_e2ee/栗子适配器[3.1.0]_e2ee_2026-05-12 23.41.e	2146377	1778600472
iDraw/eTools/backup/栗子适配器[3.1.0]_e2ee/栗子适配器[3.1.0]_e2ee_2026-05-12 23.56.e	2146928	1778601312
iDraw/eTools/backup/栗子适配器[3.1.0]_e2ee/栗子适配器[3.1.0]_e2ee_2026-05-13 00.01.e	2147481	1778601688
iDraw/eTools/backup/栗子适配器[3.1.0]_e2ee/栗子适配器[3.1.0]_e2ee_2026-05-13 00.06.e	2148013	1778601972
iDraw/eTools/backup/栗子适配器[3.1.0]_e2ee/栗子适配器[3.1.0]_e2ee_2026-05-13 00.21.e	2148171	1778602583
iDraw/eTools/backup/栗子适配器[3.1.0]_e2ee/栗子适配器[3.1.0]_e2ee_2026-05-13 20.26.e	2148830	1778640997
iDraw/eTools/backup/栗子适配器[3.1.0]_e2ee/栗子适配器[3.1.0]_e2ee_2026-05-14 16.26.e	2148812	1778747144
iDraw/eTools/backup/栗子适配器[3.1.0]_e2ee/栗子适配器[3.1.0]_e2ee_2026-05-14 16.31.e	2162490	1778747474
iDraw/eTools/backup/栗子适配器[3.1.0]_e2ee/栗子适配器[3.1.0]_e2ee_2026-05-14 16.36.e	2163292	1778747714
iDraw/eTools/backup/栗子适配器[3.1.0]_e2ee/栗子适配器[3.1.0]_e2ee_2026-05-14 16.41.e	2163573	1778748055
iDraw/eTools/backup/栗子适配器[3.1.0]_e2ee/栗子适配器[3.1.0]_e2ee_2026-05-14 16.46.e	2165680	1778748319
iDraw/eTools/backup/栗子适配器[3.1.0]_e2ee/栗子适配器[3.1.0]_e2ee_2026-05-14 16.56.e	2165989	1778748749
iDraw/eTools/backup/栗子适配器[3.1.0]_e2ee/栗子适配器[3.1.0]_e2ee_2026-05-14 17.26.e	2166816	1778750799
iDraw/eTools/backup/栗子适配器[3.1.0]_e2ee/栗子适配器[3.1.0]_e2ee_2026-05-14 22.11.e	2167474	1778767811
iDraw/eTools/backup/栗子适配器[3.1.0]_e2ee/栗子适配器[3.1.0]_e2ee_2026-05-14 22.16.e	2167471	1778767912
iDraw/eTools/backup/栗子适配器[3.1.0]_e2ee/栗子适配器[3.1.0]_e2ee_2026-05-14 23.01.e	2167601	1778770798
iDraw/eTools/backup/栗子适配器[3.1.0]_e2ee/栗子适配器[3.1.0]_e2ee_2026-05-14 23.11.e	2167637	1778771500
iDraw/eTools/backup/栗子适配器[3.1.0]_e2ee/栗子适配器[3.1.0]_e2ee_2026-05-15 11.24.e	2167637	1778771534
iDraw/eTools/backup/栗子适配器[3.1.0]_e2ee/栗子适配器[3.1.0]_e2ee_2026-05-15 17.04.e	2167564	1778835502
iDraw/eTools/backup/栗子适配器[3.1.0]_e2ee/栗子适配器[3.1.0]_e2ee_2026-05-15 17.09.e	2167852	1778836190
iDraw/eTools/backup/栗子适配器[3.1.0]_e2ee/栗子适配器[3.1.0]_e2ee_2026-05-16 21.59.e	2148554	1778939966
iDraw/eTools/backup/栗子适配器[3.1.0]_e2ee/栗子适配器[3.1.0]_e2ee_2026-05-16 22.29.e	2148271	1778940046
iDraw/eTools/backup/栗子适配器[3.1.0]_e2ee/栗子适配器[3.1.0]_e2ee_2026-05-16 22.34.e	2148316	1778941875
iDraw/eTools/backup/栗子适配器[3.1.0]_e2ee/栗子适配器[3.1.0]_e2ee_2026-05-17 14.54.e	2148275	1778942361
iDraw/eTools/backup/栗子适配器[3.1.0]_e2ee/栗子适配器[3.1.0]_e2ee_2026-05-17 14.59.e	2176265	1779001194
iDraw/eTools/backup/栗子适配器[3.1.0]_e2ee_废弃/栗子适配器[3.1.0]_e2ee_废弃_2026-05-06 00.51.04.e	2400820	1777979694
iDraw/eTools/backup/栗子适配器[3.1.x]_e2ee/栗子适配器[3.1.x]_e2ee_2026-09-15 01.18.e	2192877	1789406319
iDraw/eTools/backup/栗子适配器[3.1.x]_e2ee/栗子适配器[3.1.x]_e2ee_2026-09-15 01.23.e	2192890	1789406346
iDraw/eTools/backup/栗子适配器[3.1.x]_e2ee/栗子适配器[3.1.x]_e2ee_2026-09-15 01.28.e	2192980	1789406896
iDraw/eTools/backup/栗子适配器[3.1.x]_e2ee/栗子适配器[3.1.x]_e2ee_2026-09-15 01.33.e	2193116	1789407189
iDraw/eTools/backup/栗子适配器[3.1.x]_e2ee/栗子适配器[3.1.x]_e2ee_2026-09-15 01.38.e	2193026	1789407467
iDraw/eTools/backup/栗子适配器[3.1.x]_e2ee/栗子适配器[3.1.x]_e2ee_2026-09-15 01.43.e	2193050	1789407715
iDraw/eTools/backup/栗子适配器[3.1.x]_e2ee/栗子适配器[3.1.x]_e2ee_2026-09-15 01.48.e	2203283	1789408103
iDraw/eTools/backup/栗子适配器[3.1.x]_e2ee/栗子适配器[3.1.x]_e2ee_2026-09-15 01.53.e	2203398	1789408285
iDraw/eTools/backup/栗子适配器[3.1.x]_e2ee/栗子适配器[3.1.x]_e2ee_2026-09-15 01.58.e	2203499	1789408673
iDraw/eTools/backup/栗子适配器[3.1.x]_e2ee/栗子适配器[3.1.x]_e2ee_2026-09-15 11.28.e	2213725	1789442873
iDraw/eTools/backup/栗子适配器[3.1.x]_e2ee/栗子适配器[3.1.x]_e2ee_2026-09-15 11.33.e	2213713	1789443089
iDraw/eTools/backup/栗子适配器[3.1.x]_e2ee/栗子适配器[3.1.x]_e2ee_2026-09-15 11.48.e	2213713	1789444127
iDraw/eTools/backup/栗子适配器[3.1.x]_e2ee/栗子适配器[3.1.x]_e2ee_2026-09-15 13.03.e	2213713	1789448475
iDraw/eTools/backup/栗子适配器[3.1.x]_e2ee/栗子适配器[3.1.x]_e2ee_2026-09-15 16.03.e	2213855	1789459397
iDraw/eTools/backup/栗子适配器[3.1.x]_e2ee/栗子适配器[3.1.x]_e2ee_2026-09-15 16.08.e	2213713	1789459701
iDraw/eTools/backup/栗子适配器[3.1.x]_e2ee/栗子适配器[3.1.x]_e2ee_2026-09-15 16.58.e	2213713	1789462718
iDraw/eTools/backup/栗子适配器[3.1.x]_e2ee/栗子适配器[3.1.x]_e2ee_2026-09-16 08.18.e	2213710	1789517918
iDraw/eTools/backup/栗子适配器[3.1.x]_e2ee/栗子适配器[3.1.x]_e2ee_2026-09-16 08.23.e	2213687	1789518176
iDraw/eTools/backup/栗子适配器[3.1.x]_e2ee/栗子适配器[3.1.x]_e2ee_2026-09-16 09.33.54.e	2213502	1789522405
iDraw/eTools/backup/栗子适配器[3.1.x]_e2ee/栗子适配器[3.1.x]_e2ee_2026-09-16 09.40.10.e	2189844	1789522794
iDraw/eTools/backup/栗子适配器[3.1.x]_e2ee/栗子适配器[3.1.x]_e2ee_2026-09-16 10.44.00.e	2190709	1789526633
iDraw/eTools/backup/栗子适配器[3.1.x]_e2ee/栗子适配器[3.1.x]_e2ee_2026-09-16 10.52.e	2189791	1789527002
iDraw/eTools/backup/栗子适配器[3.1.x]_e2ee/栗子适配器[3.1.x]_e2ee_2026-09-16 10.57.e	2189582	1789527431
iDraw/eTools/backup/栗子适配器[3.1.x]_e2ee/栗子适配器[3.1.x]_e2ee_2026-09-16 11.02.e	2189522	1789527658
iDraw/eTools/backup/栗子适配器[3.1.x]_e2ee/栗子适配器[3.1.x]_e2ee_2026-09-17 13.14.e	2189522	1789621983
iDraw/eTools/backup/栗子适配器[3.1.x]_e2ee/栗子适配器[3.1.x]_e2ee_2026-09-17 16.24.e	2189935	1789633452
iDraw/eTools/backup/栗子适配器[3.1.x]_e2ee/栗子适配器[3.1.x]_e2ee_2026-09-17 16.29.e	2191198	1789633777
iDraw/eTools/backup/栗子适配器[3.1.x]_e2ee/栗子适配器[3.1.x]_e2ee_2026-09-17 16.34.e	2191217	1789634045
iDraw/eTools/backup/栗子适配器[3.1.x]_e2ee/栗子适配器[3.1.x]_e2ee_2026-09-17 16.39.e	2191247	1789634123
iDraw/eTools/backup/栗子适配器[3.x.x] - 複製/栗子适配器[3.x.x] - 複製_2026-02-26 13.48.26.e	2215290	1772084142
iDraw/eTools/backup/栗子适配器[3.x.x]/栗子适配器[3.x.x]_2026-04-02 18.19.e	2247053	1775124965
iDraw/eTools/backup/栗子适配器[3.x.x]/栗子适配器[3.x.x]_2026-04-02 18.24.e	2247392	1775125317
iDraw/eTools/backup/栗子适配器[3.x.x]/栗子适配器[3.x.x]_2026-04-02 19.14.e	2247389	1775128442
iDraw/eTools/backup/栗子适配器[3.x.x]/栗子适配器[3.x.x]_2026-04-02 19.19.e	2247707	1775128564
iDraw/eTools/backup/栗子适配器[3.x.x]/栗子适配器[3.x.x]_2026-04-02 19.29.e	2247707	1775129252
iDraw/eTools/backup/栗子适配器[3.x.x]/栗子适配器[3.x.x]_2026-04-02 19.39.e	2247670	1775129774
iDraw/eTools/backup/栗子适配器[3.x.x]/栗子适配器[3.x.x]_2026-04-02 19.54.e	2247707	1775130857
iDraw/eTools/backup/栗子适配器[3.x.x]/栗子适配器[3.x.x]_2026-04-02 19.59.e	2247707	1775130869
iDraw/eTools/backup/栗子适配器[3.x.x]/栗子适配器[3.x.x]_2026-04-05 18.43.49.e	2244954	1775374257
iDraw/eTools/backup/栗子适配器[3.x.x]/栗子适配器[3.x.x]_2026-04-10 09.15.e	2245052	1775783693
iDraw/eTools/backup/栗子适配器[3.x.x]/栗子适配器[3.x.x]_2026-04-10 11.25.e	2245466	1775791523
iDraw/eTools/backup/栗子适配器[3.x.x]/栗子适配器[3.x.x]_2026-04-10 11.30.e	2246364	1775791823
iDraw/eTools/backup/栗子适配器[3.x.x]/栗子适配器[3.x.x]_2026-04-11 00.05.e	2246899	1775837028
iDraw/eTools/backup/栗子适配器[3.x.x]/栗子适配器[3.x.x]_2026-04-12 13.40.e	2248061	1775837305
iDraw/eTools/backup/栗子适配器[3.x.x]/栗子适配器[3.x.x]_2026-04-15 14.18.e	2246538	1776233743
iDraw/eTools/backup/栗子适配器[3.x.x]/栗子适配器[3.x.x]_2026-04-15 21.23.e	2246574	1776259362
iDraw/eTools/backup/栗子适配器[3.x.x]/栗子适配器[3.x.x]_2026-04-15 21.33.e	2247747	1776259954
iDraw/eTools/backup/栗子适配器[3.x.x]/栗子适配器[3.x.x]_2026-04-15 21.38.e	2247761	1776260213
iDraw/eTools/backup/栗子适配器[3.x.x]/栗子适配器[3.x.x]_2026-04-15 21.48.e	2247853	1776260880
iDraw/eTools/backup/栗子适配器[3.x.x]/栗子适配器[3.x.x]_2026-04-15 22.13.e	2247825	1776260916
iDraw/eTools/backup/栗子适配器[3.x.x]/栗子适配器[3.x.x]_2026-04-16 09.58.e	2247770	1776304675
iDraw/eTools/backup/栗子适配器[3.x.x]/栗子适配器[3.x.x]_2026-04-16 10.03.e	2418435	1776304975
iDraw/eTools/backup/栗子适配器[3.x.x]/栗子适配器[3.x.x]_2026-04-16 11.23.e	2425285	1776309792
iDraw/eTools/backup/栗子适配器[3.x.x]/栗子适配器[3.x.x]_2026-04-16 11.33.e	2425416	1776310375
iDraw/eTools/backup/栗子适配器[3.x.x]/栗子适配器[3.x.x]_2026-04-16 11.48.e	2426815	1776310854
iDraw/eTools/backup/栗子适配器[3.x.x]/栗子适配器[3.x.x]_2026-04-16 11.53.e	2423585	1776311296
iDraw/eTools/backup/栗子适配器[3.x.x]/栗子适配器[3.x.x]_2026-04-16 12.03.e	2423585	1776312034
iDraw/eTools/backup/栗子适配器[3.x.x]/栗子适配器[3.x.x]_2026-04-16 12.08.e	2423118	1776312482
iDraw/eTools/backup/栗子适配器[3.x.x]/栗子适配器[3.x.x]_2026-04-16 12.13.51.e	2423120	1776312796
iDraw/eTools/backup/栗子适配器[3.x.x]_2026-04-15 14.18/栗子适配器[3.x.x]_2026-04-15 14.18_2026-04-21 16.21.e	2429127	1776759441
iDraw/eTools/backup/栗子适配器[3.x.x]_2026-04-15 14.18/栗子适配器[3.x.x]_2026-04-15 14.18_2026-04-25 09.00.e	2429148	1777078731
iDraw/eTools/backup/栗子适配器[3.x.x]_2026-04-15 14.18/栗子适配器[3.x.x]_2026-04-15 14.18_2026-04-25 09.05.e	2429424	1777079108
iDraw/eTools/backup/栗子适配器[3.x.x]_2026-04-15 14.18/栗子适配器[3.x.x]_2026-04-15 14.18_2026-04-25 09.10.e	2429925	1777079416
iDraw/eTools/backup/栗子适配器[3.x.x]_2026-04-15 14.18/栗子适配器[3.x.x]_2026-04-15 14.18_2026-04-25 09.15.e	2430447	1777079702
iDraw/eTools/backup/栗子适配器[3.x.x]_2026-04-15 14.18/栗子适配器[3.x.x]_2026-04-15 14.18_2026-04-25 14.42.e	2430203	1777099148
iDraw/eTools/backup/栗子适配器[3.x.x]_2026-04-15 14.18/栗子适配器[3.x.x]_2026-04-15 14.18_2026-04-25 14.47.e	2430203	1777099432
iDraw/eTools/backup/栗子适配器[3.x.x]_2026-04-15 14.18/栗子适配器[3.x.x]_2026-04-15 14.18_2026-04-25 15.02.e	2430204	1777100558
iDraw/eTools/backup/栗子适配器[3.x.x]_2026-04-15 14.18/栗子适配器[3.x.x]_2026-04-15 14.18_2026-04-25 15.07.e	2430203	1777100573
iDraw/eTools/backup/栗子适配器[3.x.x]_2026-04-15 14.18/栗子适配器[3.x.x]_2026-04-15 14.18_2026-04-25 15.12.e	2430241	1777101143
iDraw/eTools/backup/栗子适配器[3.x.x]_2026-04-15 14.18/栗子适配器[3.x.x]_2026-04-15 14.18_2026-04-25 15.17.e	2430612	1777101355
iDraw/eTools/backup/栗子适配器[3.x.x]_2026-04-15 14.18/栗子适配器[3.x.x]_2026-04-15 14.18_2026-04-25 22.30.e	2430424	1777127191
iDraw/eTools/backup/栗子适配器[3.x.x]_2026-04-15 14.18/栗子适配器[3.x.x]_2026-04-15 14.18_2026-04-26 10.10.25.e	2430840	1777169403
iDraw/eTools/backup/栗子适配器[3.x.x]_2026-04-15 14.18/栗子适配器[3.x.x]_2026-04-15 14.18_2026-04-26 11.41.e	2431552	1777174837
iDraw/eTools/backup/栗子适配器[3.x.x]_2026-04-15 14.18/栗子适配器[3.x.x]_2026-04-15 14.18_2026-04-26 11.46.e	2431436	1777175025
iDraw/eTools/backup/栗子适配器[3.x.x]_2026-04-15 14.18/栗子适配器[3.x.x]_2026-04-15 14.18_2026-04-26 11.51.e	2431716	1777175347
iDraw/eTools/backup/栗子适配器[3.x.x]_2026-04-15 14.18/栗子适配器[3.x.x]_2026-04-15 14.18_2026-04-26 11.56.e	2431827	1777175751
iDraw/eTools/backup/栗子适配器[3.x.x]_2026-04-15 14.18/栗子适配器[3.x.x]_2026-04-15 14.18_2026-04-26 12.01.e	2431758	1777175964
iDraw/eTools/backup/栗子适配器[3.x.x]_2026-04-15 14.18/栗子适配器[3.x.x]_2026-04-15 14.18_2026-04-26 12.06.e	2431790	1777176247
iDraw/eTools/backup/栗子适配器[3.x.x]_2026-04-15 14.18/栗子适配器[3.x.x]_2026-04-15 14.18_2026-04-26 12.11.e	2431864	1777176487
iDraw/eTools/backup/栗子适配器[3.x.x]_2026-04-15 14.18/栗子适配器[3.x.x]_2026-04-15 14.18_2026-04-26 12.16.e	2431881	1777176706
iDraw/eTools/backup/栗子适配器[3.x.x]_2026-04-15 14.18/栗子适配器[3.x.x]_2026-04-15 14.18_2026-04-26 12.21.e	2432089	1777177267
iDraw/eTools/backup/栗子适配器[3.x.x]_2026-04-15 14.18/栗子适配器[3.x.x]_2026-04-15 14.18_2026-04-26 12.26.e	2432162	1777177387
iDraw/eTools/backup/栗子适配器[3.x.x]_2026-04-15 14.18/栗子适配器[3.x.x]_2026-04-15 14.18_2026-04-26 12.31.e	2432203	1777177807
iDraw/eTools/backup/栗子适配器[3.x.x]_2026-04-15 14.18/栗子适配器[3.x.x]_2026-04-15 14.18_2026-04-26 12.36.e	2432152	1777178107
iDraw/eTools/backup/栗子适配器[3.x.x]_2026-04-15 14.18/栗子适配器[3.x.x]_2026-04-15 14.18_2026-04-26 12.41.e	2432097	1777178303
iDraw/eTools/backup/栗子适配器[3.x.x]_2026-04-15 14.18/栗子适配器[3.x.x]_2026-04-15 14.18_2026-04-26 12.44.30.e	2432097	1777178665
iDraw/eTools/backup/栗子适配器[3.x.x]_2026-04-15 14.18/栗子适配器[3.x.x]_2026-04-15 14.18_2026-05-03 23.31.e	2431493	1777822107
iDraw/eTools/backup/栗子适配器[3.x.x]_2026-04-15 14.18/栗子适配器[3.x.x]_2026-04-15 14.18_2026-05-03 23.36.e	2431580	1777822512
iDraw/eTools/backup/栗子适配器[3.x.x]_2026-04-15 14.18/栗子适配器[3.x.x]_2026-04-15 14.18_2026-05-05 03.26.36.e	2431483	1777922685
iDraw/eTools/backup/栗子适配器[3.x.x]_2026-04-15 14.18_2026-04-26 12.44.30/栗子适配器[3.x.x]_2026-04-15 14.18_2026-04-26 12.44.30_2026-05-05 03.35.13.e	2432097	1777178665
iDraw/eTools/backup/栗子适配器[3.x.x]_e2ee/栗子适配器[3.x.x]_e2ee_2026-05-04 00.13.e	2431580	1777822512
iDraw/eTools/backup/栗子适配器[3.x.x]_e2ee/栗子适配器[3.x.x]_e2ee_2026-05-04 21.48.e	2370350	1777902395
iDraw/eTools/backup/栗子适配器[3.x.x]_e2ee/栗子适配器[3.x.x]_e2ee_2026-05-04 21.53.e	2370438	1777902732
iDraw/eTools/backup/栗子适配器[3.x.x]_e2ee/栗子适配器[3.x.x]_e2ee_2026-05-04 22.03.e	2370397	1777903172
iDraw/eTools/backup/栗子适配器[3.x.x]_e2ee/栗子适配器[3.x.x]_e2ee_2026-05-05 02.02.e	2366494	1777917713
iDraw/eTools/backup/栗子适配器[3.x.x]_e2ee/栗子适配器[3.x.x]_e2ee_2026-05-05 02.07.e	2367299	1777918033
iDraw/eTools/backup/栗子适配器[3.x.x]_e2ee/栗子适配器[3.x.x]_e2ee_2026-05-05 02.12.e	2367595	1777918299
iDraw/eTools/backup/栗子适配器[3.x.x]_e2ee/栗子适配器[3.x.x]_e2ee_2026-05-05 02.17.e	2367923	1777918613
iDraw/eTools/backup/栗子适配器[3.x.x]_e2ee/栗子适配器[3.x.x]_e2ee_2026-05-05 02.22.e	2368151	1777918913
iDraw/eTools/backup/栗子适配器[3.x.x]_e2ee/栗子适配器[3.x.x]_e2ee_2026-05-05 02.27.e	2368396	1777919213
iDraw/eTools/backup/栗子适配器[3.x.x]_e2ee/栗子适配器[3.x.x]_e2ee_2026-05-05 02.32.e	2367657	1777919533
iDraw/eTools/backup/栗子适配器[3.x.x]_e2ee/栗子适配器[3.x.x]_e2ee_2026-05-05 02.37.e	2367316	1777919812
iDraw/eTools/backup/栗子适配器[3.x.x]_e2ee/栗子适配器[3.x.x]_e2ee_2026-05-05 02.42.e	2367211	1777920113
iDraw/eTools/backup/栗子适配器[3.x.x]_e2ee/栗子适配器[3.x.x]_e2ee_2026-05-05 03.07.e	2367190	1777921499
iDraw/eTools/backup/栗子适配器[3.x.x]_e2ee/栗子适配器[3.x.x]_e2ee_2026-05-05 03.13.e	2364252	1777921825
iDraw/eTools/backup/栗子适配器[3.x.x]_e2ee/栗子适配器[3.x.x]_e2ee_2026-05-05 03.21.58.e	2364476	1777922322
iDraw/eTools/backup/栗子适配器[3.x.x]_e2ee/栗子适配器[3.x.x]_e2ee_2026-05-05 03.48.e	2401954	1777923809
iDraw/eTools/backup/栗子适配器[3.x.x]_e2ee/栗子适配器[3.x.x]_e2ee_2026-05-05 19.16.e	2400820	1777979694
iDraw/eTools/backup/框架/框架_2025-07-16 10.28.46.e	4250508	1694056204
iDraw/eTools/backup/检测用户是否连接远程桌面/检测用户是否连接远程桌面_2025-11-23 17.50.e	6679	1763891099
iDraw/eTools/backup/检测用户是否连接远程桌面/检测用户是否连接远程桌面_2025-11-23 18.20.e	984987	1763893177
iDraw/eTools/backup/检测用户是否连接远程桌面/检测用户是否连接远程桌面_2025-11-23 18.30.e	985550	1763893524
iDraw/eTools/backup/检测用户是否连接远程桌面/检测用户是否连接远程桌面_2025-11-23 18.40.e	985597	1763894347
iDraw/eTools/backup/检测用户是否连接远程桌面/检测用户是否连接远程桌面_2025-11-23 18.45.e	985645	1763894680
iDraw/eTools/backup/检测用户是否连接远程桌面/检测用户是否连接远程桌面_2025-11-23 19.34.52.e	985645	1763897687
iDraw/eTools/backup/检测用户是否连接远程桌面/检测用户是否连接远程桌面_2025-11-23 19.40.e	985294	1763897762
iDraw/eTools/backup/检测用户是否连接远程桌面/检测用户是否连接远程桌面_2025-11-23 19.45.e	985310	1763898037
iDraw/eTools/backup/检测用户是否连接远程桌面/检测用户是否连接远程桌面_2025-11-23 20.05.e	985521	1763899477
iDraw/eTools/backup/检测用户是否连接远程桌面/检测用户是否连接远程桌面_2025-11-23 20.10.e	986417	1763899799
iDraw/eTools/backup/检测用户是否连接远程桌面/检测用户是否连接远程桌面_2025-11-23 20.15.e	986386	1763900077
iDraw/eTools/backup/检测用户是否连接远程桌面/检测用户是否连接远程桌面_2025-11-23 20.20.e	986773	1763900375
iDraw/eTools/backup/检测用户是否连接远程桌面/检测用户是否连接远程桌面_2025-11-23 20.25.e	986773	1763900617
iDraw/eTools/backup/检测用户是否连接远程桌面/检测用户是否连接远程桌面_2025-11-23 20.30.e	986965	1763900947
iDraw/eTools/backup/检测用户是否连接远程桌面/检测用户是否连接远程桌面_2025-11-23 20.35.e	987055	1763901171
iDraw/eTools/backup/模块化群管/模块化群管_2025-04-22 21.55.28.e	1261901	1683686110
iDraw/eTools/backup/模块化群管/模块化群管_2025-06-14 08.55.e	1264683	1749862317
iDraw/eTools/backup/模块化群管/模块化群管_2026-04-22 10.04.e	1484439	1776823243
iDraw/eTools/backup/歌词显示模块_演示/歌词显示模块_演示_2026-01-25 14.26.26.e	1320003	1732877643
iDraw/eTools/backup/歌词显示模块_演示/歌词显示模块_演示_2026-01-25 14.56.e	1306584	1769324190
iDraw/eTools/backup/歌词显示模块_演示/歌词显示模块_演示_2026-01-25 15.01.e	1289608	1769324490
iDraw/eTools/backup/歌词显示模块_演示/歌词显示模块_演示_2026-01-25 15.11.e	1123079	1769325090
iDraw/eTools/backup/歌词显示模块_演示/歌词显示模块_演示_2026-01-25 15.16.15.e	1121508	1769325322
iDraw/eTools/backup/歌词显示模块_演示unicode/歌词显示模块_演示unicode_2026-01-25 15.27.58.e	1323025	1769326051
iDraw/eTools/backup/歌词显示模块_演示unicode/歌词显示模块_演示unicode_2026-01-25 15.27.e	1323023	1769325988
iDraw/eTools/backup/正则/正则_2025-04-06 20.13.44.e	1142021	1630626682
iDraw/eTools/backup/正则Linux例程/正则Linux例程_2025-04-06 20.27.06.e	3156	1210646446
iDraw/eTools/backup/正则取文章链接/正则取文章链接_2025-02-15 18.58.00.e	1020101	1720519342
iDraw/eTools/backup/正则类/正则类_2025-04-06 20.16.42.e	9016	1592440774
iDraw/eTools/backup/正版验证-新版本多窗口/正版验证-新版本多窗口_2025-07-30 15.23.37.e	365113	1421422153
iDraw/eTools/backup/每天60秒/每天60秒_2025-06-27 21.55.38.e	1062656	1687005154
iDraw/eTools/backup/流程线对照-已补空行 - 複製/流程线对照-已补空行 - 複製_2026-09-20 22.54.e	3771	1789916009
iDraw/eTools/backup/流程线对照-已补空行/流程线对照-已补空行_2026-09-20 22.47.59.e	3450	1789915532
iDraw/eTools/backup/流程线对照-未补空行/流程线对照-未补空行_2026-09-20 22.48.19.e	3381	1789915531
iDraw/eTools/backup/测试-Tcp-客户端/测试-Tcp-客户端_2025-11-01 22.49.e	912776	1701497421
iDraw/eTools/backup/测试-Tcp-服务端/测试-Tcp-服务端_2025-11-01 22.42.e	927846	1701497423
iDraw/eTools/backup/测试/测试_2025-06-11 16.51.21.e	1945	1749631878
iDraw/eTools/backup/测试/测试_2025-06-11 17.11.43.e	9757	1749633101
iDraw/eTools/backup/测试/测试_2026-09-20 16.51.e	0	1789893962
iDraw/eTools/backup/测试/测试_2026-09-20 16.56.e	2201	1789894545
iDraw/eTools/backup/测试/测试_2026-09-20 17.01.e	2939	1789894845
iDraw/eTools/backup/测试/测试_2026-09-20 17.02.15.e	3137	1789894930
iDraw/eTools/backup/测试/测试_2026-09-20 17.49.47.e	655603	1789897783
iDraw/eTools/backup/测试/测试_2026-09-20 23.06.e	657354	1789916813
iDraw/eTools/backup/测试/测试_2026-09-20 23.11.e	659228	1789917113
iDraw/eTools/backup/测试/测试_2026-09-20 23.16.e	659597	1789917413
iDraw/eTools/backup/测试/测试_2026-09-20 23.21.e	657994	1789917711
iDraw/eTools/backup/测试/测试_2026-09-20 23.31.e	658067	1789918243
iDraw/eTools/backup/测试/测试_2026-09-20 23.33.09.e	658067	1789918384
iDraw/eTools/backup/熊猫追剧/熊猫追剧_2025-09-01 18.14.37.e	1473532	1756721626
iDraw/eTools/backup/爱丽图床/爱丽图床_2025-06-10 21.37.17.e	215041	1719894625
iDraw/eTools/backup/爱发电Service/爱发电Service_2025-11-01 21.00.34.e	906031	1673584273
iDraw/eTools/backup/爱发电Service/爱发电Service_2025-11-01 21.02.27.e	485086	1762002144
iDraw/eTools/backup/爱发电Service/爱发电Service_2025-11-14 19.34.25.e	906031	1673584273
iDraw/eTools/backup/版本获取/版本获取_2025-09-23 15.58.e	939286	1758614115
iDraw/eTools/backup/版本获取/版本获取_2025-09-23 16.03.e	939286	1758614561
iDraw/eTools/backup/版本获取/版本获取_2025-09-23 16.16.17.e	939286	1758615330
iDraw/eTools/backup/牢白哥/牢白哥_2026-05-08 18.11.04.e	1749	1778235034
iDraw/eTools/backup/牢白哥/牢白哥_2026-05-08 18.20.e	1170879	1778235348
iDraw/eTools/backup/猫头鹰UU模块-使用例子/猫头鹰UU模块-使用例子_2025-02-15 18.48.58.e	153603	1722928530
iDraw/eTools/backup/画板标注/画板标注_2025-09-22 15.14.e	178192	1758525276
iDraw/eTools/backup/画板标注/画板标注_2025-09-22 15.24.e	178765	1758525726
iDraw/eTools/backup/画板标注/画板标注_2025-09-22 16.34.e	179159	1758530046
iDraw/eTools/backup/画板标注/画板标注_2025-09-22 16.39.e	181485	1758530346
iDraw/eTools/backup/画板标注/画板标注_2025-09-22 16.44.e	180753	1758530646
iDraw/eTools/backup/画板标注/画板标注_2025-09-22 16.49.e	181209	1758530916
iDraw/eTools/backup/画板标注/画板标注_2025-09-22 16.54.e	300943	1758531246
iDraw/eTools/backup/画板标注/画板标注_2025-09-22 16.59.e	301062	1758531546
iDraw/eTools/backup/画板标注/画板标注_2025-09-22 17.04.e	302072	1758531846
iDraw/eTools/backup/画板标注/画板标注_2025-09-22 17.09.e	301968	1758532146
iDraw/eTools/backup/画板标注/画板标注_2025-09-22 17.14.e	301858	1758532266
iDraw/eTools/backup/画板标注/画板标注_2025-09-22 17.44.e	301880	1758534246
iDraw/eTools/backup/画板标注/画板标注_2025-09-22 17.49.e	294099	1758534546
iDraw/eTools/backup/画板标注/画板标注_2025-09-22 17.59.e	294932	1758535069
iDraw/eTools/backup/画板标注/画板标注_2025-09-22 18.04.e	296598	1758535446
iDraw/eTools/backup/画板标注/画板标注_2025-09-22 18.14.e	298914	1758536046
iDraw/eTools/backup/画板标注/画板标注_2025-09-22 18.19.e	298913	1758536106
iDraw/eTools/backup/画板标注/画板标注_2025-09-22 18.24.e	299228	1758536646
iDraw/eTools/backup/画板标注/画板标注_2025-09-22 18.34.e	299547	1758537186
iDraw/eTools/backup/画板标注/画板标注_2025-09-22 18.39.e	299482	1758537520
iDraw/eTools/backup/画板标注/画板标注_2025-09-22 18.44.e	301015	1758537846
iDraw/eTools/backup/画板标注/画板标注_2025-09-22 19.09.e	301357	1758539316
iDraw/eTools/backup/画板标注/画板标注_2025-09-22 19.19.e	301163	1758539948
iDraw/eTools/backup/画板标注/画板标注_2025-09-22 19.24.e	301429	1758540259
iDraw/eTools/backup/画板标注/画板标注_2025-09-22 19.29.e	302092	1758540546
iDraw/eTools/backup/画板标注/画板标注_2025-09-22 19.39.e	305799	1758541116
iDraw/eTools/backup/画板标注/画板标注_2025-09-22 19.48.52.e	304585	1758541720
iDraw/eTools/backup/破解程序/破解程序_2025-05-04 22.17.58.e	3642839	1685109894
iDraw/eTools/backup/示例/示例_2025-06-30 00.22.34.e	878831	1625997314
iDraw/eTools/backup/窗口捕获/窗口捕获_2025-09-25 16.57.e	979668	1758790591
iDraw/eTools/backup/窗口捕获/窗口捕获_2025-09-25 17.07.e	979759	1758791101
iDraw/eTools/backup/窗口捕获/窗口捕获_2025-09-25 17.12.e	979894	1758791461
iDraw/eTools/backup/窗口捕获/窗口捕获_2025-09-25 17.22.e	980312	1758792091
iDraw/eTools/backup/窗口捕获/窗口捕获_2025-09-25 17.27.e	980522	1758792391
iDraw/eTools/backup/窗口捕获/窗口捕获_2025-09-25 17.32.e	980832	1758792691
iDraw/eTools/backup/窗口捕获/窗口捕获_2025-09-25 17.37.e	980959	1758792991
iDraw/eTools/backup/窗口捕获/窗口捕获_2025-09-25 17.42.e	981086	1758793185
iDraw/eTools/backup/窗口捕获/窗口捕获_2025-09-25 17.44.40.e	980856	1758793477
iDraw/eTools/backup/签到V2.1.2/签到V2.1.2_2025-06-30 16.57.53.e	1631924	1607514120
iDraw/eTools/backup/签到V2.1.2/签到V2.1.2_2025-08-28 23.15.15.e	1631859	1756394114
iDraw/eTools/backup/签到V2.1.2/签到V2.1.2_2025-08-28 23.19.53.e	1631875	1756394378
iDraw/eTools/backup/签到V2.1.2/签到V2.1.2_2025-08-28 23.23.22.e	1643932	1756394601
iDraw/eTools/backup/签到V2.1.2/签到V2.1.2_2025-08-28 23.31.e	1644580	1756395018
iDraw/eTools/backup/签到V2.1.2/签到V2.1.2_2025-08-28 23.32.39.e	1644745	1756395157
iDraw/eTools/backup/签到V2.1.2/签到V2.1.2_2025-08-28 23.40.51.e	1644640	1756395645
iDraw/eTools/backup/签到V2.1.2/签到V2.1.2_2025-08-28 23.41.37.e	1644555	1756395686
iDraw/eTools/backup/签到V2.1.2/签到V2.1.2_2025-08-28 23.48.e	1644760	1756396102
iDraw/eTools/backup/签到V2.1.2/签到V2.1.2_2025-08-28 23.53.e	1644957	1756396191
iDraw/eTools/backup/签到V2.1.2/签到V2.1.2_2025-08-28 23.56.10.e	1644954	1756396565
iDraw/eTools/backup/简单例程_1/简单例程_1_2025-07-30 22.02.08.e	26199	1753882842
iDraw/eTools/backup/简单例程_1/简单例程_1_2025-08-07 00.04.e	25732	1754496279
iDraw/eTools/backup/简单例程_1/简单例程_1_2025-08-07 17.08.16.e	25855	1754497197
iDraw/eTools/backup/简单例程_1/简单例程_1_2025-08-11 13.33.e	26257	1754733230
iDraw/eTools/backup/简单例程_WSS_判断路径和Cookie/简单例程_WSS_判断路径和Cookie_2025-07-30 22.02.34.e	31064	1753882842
iDraw/eTools/backup/简单例程_WS客户端/简单例程_WS客户端_2025-07-07 15.44.e	52264	1713079148
iDraw/eTools/backup/简单例程_WS客户端/简单例程_WS客户端_2025-07-07 21.54.e	52532	1751896155
iDraw/eTools/backup/简单例程_WS客户端/简单例程_WS客户端_2025-07-20 12.52.e	52367	1752983870
iDraw/eTools/backup/简单例程_WS客户端/简单例程_WS客户端_2025-08-06 21.33.05.e	52264	1713079148
iDraw/eTools/backup/简单例程_WS服务端/简单例程_WS服务端_2025-07-07 15.49.e	27800	1713079110
iDraw/eTools/backup/简单例程_WS服务端/简单例程_WS服务端_2025-07-07 15.54.e	27814	1751874575
iDraw/eTools/backup/简单例程_WS服务端/简单例程_WS服务端_2025-08-06 21.32.37.e	27800	1713079110
iDraw/eTools/backup/简单例程_WS服务端/简单例程_WS服务端_2025-08-06 21.36.50.e	27716	1754487204
iDraw/eTools/backup/简易数据库操作模块/简易数据库操作模块_2025-10-18 21.01.e	244504	1760792335
iDraw/eTools/backup/简易数据库操作模块/简易数据库操作模块_2025-10-18 21.25.05.e	119744	1760793899
iDraw/eTools/backup/简易的QQ机qi人/简易的QQ机qi人_2025-06-27 22.07.49.e	1864530	1751032997
iDraw/eTools/backup/精易模块11.1.7/精易模块11.1.7_2025-10-01 10.35.e	4900036	1759285734
iDraw/eTools/backup/精易模块11.1.7/精易模块11.1.7_2025-10-01 10.49.e	4902286	1759286941
iDraw/eTools/backup/精易模块11.1.7/精易模块11.1.7_2025-10-01 10.51.32.e	4902429	1759287080
iDraw/eTools/backup/精易模块11.1.7/精易模块11.1.7_2025-10-02 17.45.27.e	4902428	1759398308
iDraw/eTools/backup/精易模块v10.1.0[源码]/精易模块v10.1.0[源码]_2025-02-18 12.53.e	4315738	1692678571
iDraw/eTools/backup/精易模块v10.1.0[源码]/精易模块v10.1.0[源码]_2025-02-18 12.57.36.e	4315734	1739854421
iDraw/eTools/backup/精易模块v10.1.0[源码]/精易模块v10.1.0[源码]_2025-07-16 10.34.e	4315786	1752633016
iDraw/eTools/backup/精易模块v10.1.0[源码]/精易模块v10.1.0[源码]_2025-07-16 10.47.28.e	4315756	1752634036
iDraw/eTools/backup/精易模块v11.1.5[源码]/精易模块v11.1.5[源码]_2025-07-16 14.02.e	4561133	1752645756
iDraw/eTools/backup/精易模块v11.1.5[源码]/精易模块v11.1.5[源码]_2025-07-16 14.07.e	4561060	1752645803
iDraw/eTools/backup/精易模块v11.1.5[源码]/精易模块v11.1.5[源码]_2025-10-04 14.13.04.e	4563509	1759558381
iDraw/eTools/backup/精易模块v11.1.5[源码]/精易模块v11.1.5[源码]_2025-10-07 19.10.27.e	4565088	1759835423
iDraw/eTools/backup/精易模块v11.1.5[源码]/精易模块v11.1.5[源码]_2025-10-12 12.15.30.e	4564915	1760242525
iDraw/eTools/backup/精易模块v11.1.5[源码]/精易模块v11.1.5[源码]_2025-10-12 12.25.e	4564957	1760243005
iDraw/eTools/backup/精易模块v11.1.5[源码]/精易模块v11.1.5[源码]_2025-11-25 11.47.e	4564921	1764042176
iDraw/eTools/backup/精易模块v11.1.5[源码]/精易模块v11.1.5[源码]_2025-11-25 12.07.e	4564985	1764043450
iDraw/eTools/backup/精易模块v11.1.5[源码]/精易模块v11.1.5[源码]_2025-11-25 12.12.e	4568681	1764043768
iDraw/eTools/backup/精易模块v11.1.5[源码]/精易模块v11.1.5[源码]_2025-11-25 12.32.e	4568703	1764045063
iDraw/eTools/backup/精易模块v11.1.5[源码]/精易模块v11.1.5[源码]_2026-01-11 23.59.e	4569014	1768147163
iDraw/eTools/backup/精易模块v11.1.5[源码]/精易模块v11.1.5[源码]_2026-01-12 00.04.e	4569023	1768147311
iDraw/eTools/backup/精易模块v11.1.5[源码]/精易模块v11.1.5[源码]_2026-01-12 00.09.e	4569040	1768147757
iDraw/eTools/backup/精易模块v11.1.5[源码]/精易模块v11.1.5[源码]_2026-01-12 00.14.e	4569017	1768147847
iDraw/eTools/backup/精易模块v11.1.5[源码]/精易模块v11.1.5[源码]_2026-01-12 00.19.e	4568705	1768148117
iDraw/eTools/backup/精易模块v11.1.5[源码]/精易模块v11.1.5[源码]_2026-01-12 00.29.e	4569030	1768148866
iDraw/eTools/backup/精易模块v11.1.5[源码]/精易模块v11.1.5[源码]_2026-01-12 00.34.e	4569030	1768149077
iDraw/eTools/backup/精易模块v11.1.5[源码]/精易模块v11.1.5[源码]_2026-01-12 00.44.e	4569101	1768149743
iDraw/eTools/backup/精易模块v11.1.5[源码]/精易模块v11.1.5[源码]_2026-01-12 13.36.e	4568292	1768196142
iDraw/eTools/backup/精易模块v11.1.5[源码]/精易模块v11.1.5[源码]_2026-01-25 00.55.e	4568194	1769273427
iDraw/eTools/backup/精易模块v11.1.5[源码]/精易模块v11.1.5[源码]_2026-02-04 00.43.53.e	4568183	1770137031
iDraw/eTools/backup/精易模块v11.1.5[源码]/精易模块v11.1.5[源码]_2026-02-12 20.55.02.e	4568215	1770900899
iDraw/eTools/backup/精易模块v11.1.5[源码]/精易模块v11.1.5[源码]_2026-07-12 23.50.e	4568183	1783871143
iDraw/eTools/backup/精易模块v11.1.5[源码]/精易模块v11.1.5[源码]_2026-07-13 00.10.e	4570149	1783872466
iDraw/eTools/backup/精易模块v11.1.5[源码]/精易模块v11.1.5[源码]_2026-07-13 00.20.e	4570269	1783873063
iDraw/eTools/backup/精易模块v11.1.5[源码]/精易模块v11.1.5[源码]_2026-07-13 00.25.e	4570374	1783873483
iDraw/eTools/backup/精易模块v11.1.5[源码]/精易模块v11.1.5[源码]_2026-07-13 00.40.e	4570959	1783874324
iDraw/eTools/backup/精易模块v11.1.5[源码]/精易模块v11.1.5[源码]_2026-07-13 13.35.e	4571082	1783920884
iDraw/eTools/backup/精易模块v11.1.5[源码]/精易模块v11.1.5[源码]_2026-07-13 13.40.e	4570739	1783921133
iDraw/eTools/backup/精易模块v11.1.7/精易模块v11.1.7_2025-10-04 14.10.e	4903816	1759558054
iDraw/eTools/backup/精易模块v11.1.7/精易模块v11.1.7_2025-10-04 14.11.54.e	4905203	1759558212
iDraw/eTools/backup/精易模块v11.1.7/精易模块v11.1.7_2026-01-11 23.42.e	4902211	1768146095
iDraw/eTools/backup/精易模块v11.1.7/精易模块v11.1.7_2026-01-11 23.47.e	4902232	1768146343
iDraw/eTools/backup/编码转换/编码转换_2025-10-11 08.29.e	479855	1760142217
iDraw/eTools/backup/编码转换/编码转换_2025-11-23 22.12.00.e	268246	1763906989
iDraw/eTools/backup/编译测试/编译测试_2025-04-20 06.45.00.e	30788	1434048511
iDraw/eTools/backup/网易云/网易云_2026-02-12 01.22.e	1767377	1770830030
iDraw/eTools/backup/网易云/网易云_2026-02-12 16.41.e	1671571	1770885206
iDraw/eTools/backup/网易云/网易云_2026-02-12 16.46.e	1671596	1770885668
iDraw/eTools/backup/网易云/网易云_2026-02-12 17.41.e	1672323	1770889238
iDraw/eTools/backup/网易云/网易云_2026-02-12 17.46.e	1672267	1770889448
iDraw/eTools/backup/网易云/网易云_2026-02-12 17.51.e	1807361	1770889838
iDraw/eTools/backup/网易云/网易云_2026-02-12 17.56.e	1807532	1770890018
iDraw/eTools/backup/网易云/网易云_2026-02-12 18.26.e	1806756	1770891938
iDraw/eTools/backup/网易云/网易云_2026-02-12 18.31.e	1807417	1770892255
iDraw/eTools/backup/网易云/网易云_2026-02-12 18.36.e	1807690	1770892508
iDraw/eTools/backup/网易云/网易云_2026-02-12 18.41.e	1807809	1770892808
iDraw/eTools/backup/网易云/网易云_2026-02-12 18.46.e	1807874	1770893108
iDraw/eTools/backup/网易云/网易云_2026-02-12 18.51.e	1808039	1770893258
iDraw/eTools/backup/网易云/网易云_2026-02-12 18.56.e	1808543	1770893558
iDraw/eTools/backup/网易云/网易云_2026-02-15 05.50.e	1808403	1771105761
iDraw/eTools/backup/网易云/网易云_2026-02-15 05.53.44.e	1808580	1771106012
iDraw/eTools/backup/网易小精灵处理模块/网易小精灵处理模块_2025-07-15 15.23.15.e	1094693	1665573443
iDraw/eTools/backup/网易小精灵接口[2.0]/网易小精灵接口[2.0]_2025-07-15 15.23.44.e	5385052	1682581594
iDraw/eTools/backup/网页截图/网页截图_2025-11-18 19.47.e	59022	1763466366
iDraw/eTools/backup/网页截图/网页截图_2025-11-18 19.52.e	58346	1763466615
iDraw/eTools/backup/网页截图/网页截图_2025-11-18 20.17.e	58497	1763468206
iDraw/eTools/backup/网页截图/网页截图_2025-11-18 20.22.e	58516	1763468378
iDraw/eTools/backup/网页截图/网页截图_2025-11-18 20.27.e	995691	1763468806
iDraw/eTools/backup/罗笛广播播报6.5/罗笛广播播报6.5_2025-10-16 17.48.e	4890261	1760070713
iDraw/eTools/backup/群开关/群开关_2025-04-20 15.16.e	1090169	1744989560
iDraw/eTools/backup/群开关/群开关_2025-04-21 14.27.e	944895	1745216540
iDraw/eTools/backup/群开关/群开关_2025-04-21 14.37.e	945352	1745217410
iDraw/eTools/backup/群开关/群开关_2025-04-21 14.42.e	946107	1745217680
iDraw/eTools/backup/群开关/群开关_2025-04-21 14.47.e	946398	1745217861
iDraw/eTools/backup/群开关/群开关_2025-04-21 14.53.27.e	999054	1745218404
iDraw/eTools/backup/群开关/群开关_2025-04-21 14.54.30.e	999076	1745218467
iDraw/eTools/backup/群开关/群开关_2025-07-27 16.01.e	999185	1753603178
iDraw/eTools/backup/群开关/群开关_2025-07-27 16.46.e	1000137	1753605938
iDraw/eTools/backup/群开关/群开关_2025-07-27 16.51.e	1000398	1753606088
iDraw/eTools/backup/群开关/群开关_2025-07-27 17.04.15.e	1000722	1753607051
iDraw/eTools/backup/群开关/群开关_2025-07-27 17.48.20.e	1000664	1753609697
iDraw/eTools/backup/群管检测号码示例/群管检测号码示例_2025-10-08 12.17.e	979114	1759897038
iDraw/eTools/backup/群管检测号码示例/群管检测号码示例_2025-10-08 12.22.e	979859	1759897338
iDraw/eTools/backup/群管检测号码示例/群管检测号码示例_2025-10-08 12.27.e	980232	1759897629
iDraw/eTools/backup/群管检测号码示例/群管检测号码示例_2025-10-08 12.32.e	981050	1759897965
iDraw/eTools/backup/群管检测号码示例/群管检测号码示例_2025-10-08 12.36.17.e	981430	1759898170
iDraw/eTools/backup/群管检测号码示例/群管检测号码示例_2025-10-08 14.07.11.e	981142	1759903551
iDraw/eTools/backup/群管检测号码示例/群管检测号码示例_2025-10-08 18.28.52.e	981545	1759919330
iDraw/eTools/backup/群管检测号码示例/群管检测号码示例_2025-10-08 18.44.e	981546	1759919942
iDraw/eTools/backup/联网验证/联网验证_2025-10-10 12.17.e	940296	1760069810
iDraw/eTools/backup/联网验证/联网验证_2025-10-10 12.22.e	1122681	1760070046
iDraw/eTools/backup/联网验证/联网验证_2025-10-10 12.27.e	1122717	1760070206
iDraw/eTools/backup/联网验证/联网验证_2025-10-10 12.32.e	1122783	1760070650
iDraw/eTools/backup/联网验证/联网验证_2025-10-10 12.37.e	1122848	1760071010
iDraw/eTools/backup/联网验证/联网验证_2025-10-10 12.42.e	1274224	1760071310
iDraw/eTools/backup/联网验证/联网验证_2025-10-10 12.47.e	1274231	1760071396
iDraw/eTools/backup/联网验证/联网验证_2025-10-10 12.52.e	1274481	1760071937
iDraw/eTools/backup/联网验证/联网验证_2025-10-10 12.57.e	1274492	1760072121
iDraw/eTools/backup/联网验证/联网验证_2025-10-10 13.02.e	1274547	1760072508
iDraw/eTools/backup/联网验证/联网验证_2025-10-10 16.57.e	1274553	1760086490
iDraw/eTools/backup/联网验证/联网验证_2025-10-10 18.22.e	1274733	1760091650
iDraw/eTools/backup/联网验证/联网验证_2025-10-10 18.27.e	1275747	1760092010
iDraw/eTools/backup/联网验证/联网验证_2025-10-10 18.32.e	1276027	1760092185
iDraw/eTools/backup/联网验证/联网验证_2025-10-10 19.22.e	1276078	1760095310
iDraw/eTools/backup/联网验证/联网验证_2025-10-10 19.27.e	1276105	1760095370
iDraw/eTools/backup/联网验证/联网验证_2025-10-11 12.47.e	1276054	1760157978
iDraw/eTools/backup/联网验证/联网验证_2025-10-12 08.14.e	1132979	1760227907
iDraw/eTools/backup/联网验证/联网验证_2025-10-12 08.24.e	1133037	1760228599
iDraw/eTools/backup/联网验证/联网验证_2025-10-12 08.54.e	1133200	1760230340
iDraw/eTools/backup/联网验证/联网验证_2025-10-12 08.59.e	1133250	1760230720
iDraw/eTools/backup/联网验证/联网验证_2025-10-12 09.04.e	1133442	1760230896
iDraw/eTools/backup/联网验证/联网验证_2025-10-12 09.09.e	1133420	1760231060
iDraw/eTools/backup/联网验证/联网验证_2025-10-12 09.14.e	1133683	1760231630
iDraw/eTools/backup/联网验证/联网验证_2025-10-12 09.19.e	1134106	1760231940
iDraw/eTools/backup/联网验证/联网验证_2025-10-12 09.24.e	1134336	1760232140
iDraw/eTools/backup/联网验证/联网验证_2025-10-12 09.27.35.e	1134211	1760232382
iDraw/eTools/backup/联网验证/联网验证_2025-10-12 11.02.e	1133981	1760237994
iDraw/eTools/backup/联网验证/联网验证_2025-10-12 22.56.19.e	1134651	1760280961
iDraw/eTools/backup/联网验证/联网验证_2025-10-12 23.06.10.e	1134926	1760281542
iDraw/eTools/backup/腾讯OCR/腾讯OCR_2025-08-04 13.41.42.e	8606381	1656848376
iDraw/eTools/backup/腾讯OCR_使用/腾讯OCR_使用_2025-08-04 13.43.25.e	3561	1656849730
iDraw/eTools/backup/自定义音乐卡片/自定义音乐卡片_2026-01-01 22.33.e	1194904	1764425393
iDraw/eTools/backup/自定义音乐卡片/自定义音乐卡片_2026-01-01 22.38.e	1196560	1767278089
iDraw/eTools/backup/获取QQ号/获取QQ号_2025-03-12 13.45.38.e	1976	1741758312
iDraw/eTools/backup/获取内网IP地址/获取内网IP地址_2025-11-14 19.33.e	979024	1763119830
iDraw/eTools/backup/获取内网IP地址/获取内网IP地址_2025-11-14 19.38.e	979308	1763120250
iDraw/eTools/backup/获取内网IP地址/获取内网IP地址_2025-11-14 19.43.e	979582	1763120502
iDraw/eTools/backup/获取内网IP地址/获取内网IP地址_2025-11-14 19.53.e	151859	1763120967
iDraw/eTools/backup/获取内网IP地址/获取内网IP地址_2025-11-14 19.58.03.e	151898	1763121480
iDraw/eTools/backup/获取内网IP地址/获取内网IP地址_2025-11-14 19.58.e	151898	1763121478
iDraw/eTools/backup/获取实时歌词_协议/获取实时歌词_协议_2026-02-11 15.51.e	1264867	1770796014
iDraw/eTools/backup/获取实时歌词_协议/获取实时歌词_协议_2026-02-11 17.11.e	1853839	1770801034
iDraw/eTools/backup/获取实时歌词_协议/获取实时歌词_协议_2026-02-11 17.16.e	1854004	1770801384
iDraw/eTools/backup/获取实时歌词_协议/获取实时歌词_协议_2026-02-11 17.21.e	1854161	1770801458
iDraw/eTools/backup/获取实时歌词_协议/获取实时歌词_协议_2026-02-13 21.12.e	1853730	1770988093
iDraw/eTools/backup/获取实时歌词_协议/获取实时歌词_协议_2026-02-13 21.17.e	1853703	1770988552
iDraw/eTools/backup/获取实时歌词_协议/获取实时歌词_协议_2026-02-13 21.21.20.e	1853892	1770988875
iDraw/eTools/backup/获取实时歌词_协议/获取实时歌词_协议_2026-02-13 21.24.03.e	1853985	1770989039
iDraw/eTools/backup/获取实时歌词_协议/获取实时歌词_协议_2026-02-14 11.24.24.e	1853841	1771039448
iDraw/eTools/backup/获取实时歌词_协议/获取实时歌词_协议_2026-02-15 05.59.e	1861926	1771106336
iDraw/eTools/backup/获取实时歌词_协议/获取实时歌词_协议_2026-02-15 06.04.e	1865125	1771106615
iDraw/eTools/backup/获取实时歌词_协议/获取实时歌词_协议_2026-02-15 06.09.e	1863791	1771106915
iDraw/eTools/backup/获取实时歌词_协议/获取实时歌词_协议_2026-02-15 06.14.e	1865826	1771107185
iDraw/eTools/backup/获取实时歌词_协议/获取实时歌词_协议_2026-02-15 06.19.e	1866643	1771107395
iDraw/eTools/backup/获取实时歌词_协议/获取实时歌词_协议_2026-02-15 06.29.e	1866675	1771107995
iDraw/eTools/backup/获取实时歌词_协议/获取实时歌词_协议_2026-02-15 06.59.e	1871263	1771109943
iDraw/eTools/backup/获取实时歌词_协议/获取实时歌词_协议_2026-02-15 07.37.e	1869003	1771112130
iDraw/eTools/backup/获取实时歌词_协议/获取实时歌词_协议_2026-02-15 07.42.e	1869093	1771112480
iDraw/eTools/backup/获取实时歌词_协议/获取实时歌词_协议_2026-02-15 07.44.57.e	1869133	1771112690
iDraw/eTools/backup/获取实时歌词_协议/获取实时歌词_协议_2026-02-18 10.57.41.e	1867657	1771383453
iDraw/eTools/backup/获取实时歌词_协议/获取实时歌词_协议_2026-02-18 11.06.24.e	1867649	1771383975
iDraw/eTools/backup/获取实时歌词_协议/获取实时歌词_协议_2026-06-13 15.43.59.e	1880471	1781336628
iDraw/eTools/backup/获取实时歌词_协议/获取实时歌词_协议_2026-06-13 16.14.e	1877569	1781338378
iDraw/eTools/backup/获取实时歌词_协议/获取实时歌词_协议_2026-06-13 16.19.e	1877569	1781338704
iDraw/eTools/backup/获取实时歌词_协议/获取实时歌词_协议_2026-06-13 16.24.e	1877580	1781339008
iDraw/eTools/backup/获取实时歌词_协议/获取实时歌词_协议_2026-06-13 16.34.e	1877647	1781339594
iDraw/eTools/backup/获取实时歌词_协议/获取实时歌词_协议_2026-06-13 16.39.e	1877571	1781339716
iDraw/eTools/backup/获取实时歌词_协议/获取实时歌词_协议_2026-06-13 17.04.e	1877623	1781341444
iDraw/eTools/backup/获取实时歌词_协议/获取实时歌词_协议_2026-06-13 22.29.e	1877625	1781360828
iDraw/eTools/backup/获取实时歌词_窗口/获取实时歌词_窗口_2026-01-24 13.37.e	978686	1769232855
iDraw/eTools/backup/获取实时歌词_窗口/获取实时歌词_窗口_2026-01-24 13.42.e	978686	1769233057
iDraw/eTools/backup/获取实时歌词_窗口/获取实时歌词_窗口_2026-01-24 19.22.e	978621	1769253727
iDraw/eTools/backup/获取实时歌词_窗口/获取实时歌词_窗口_2026-01-24 19.27.e	978640	1769253786
iDraw/eTools/backup/获取实时歌词_窗口/获取实时歌词_窗口_2026-01-24 21.42.e	978700	1769262127
iDraw/eTools/backup/获取实时歌词_窗口/获取实时歌词_窗口_2026-01-24 21.47.e	978696	1769262307
iDraw/eTools/backup/获取实时歌词_窗口/获取实时歌词_窗口_2026-01-24 21.52.e	979157	1769262727
iDraw/eTools/backup/获取实时歌词_窗口/获取实时歌词_窗口_2026-01-24 21.57.e	979252	1769262847
iDraw/eTools/backup/获取实时歌词_窗口/获取实时歌词_窗口_2026-01-24 22.17.e	979508	1769264197
iDraw/eTools/backup/获取实时歌词_窗口/获取实时歌词_窗口_2026-01-24 22.22.e	979627	1769264467
iDraw/eTools/backup/获取实时歌词_窗口/获取实时歌词_窗口_2026-01-24 22.27.e	979625	1769264816
iDraw/eTools/backup/获取实时歌词_窗口/获取实时歌词_窗口_2026-01-25 00.17.e	980535	1769271426
iDraw/eTools/backup/获取实时歌词_窗口/获取实时歌词_窗口_2026-01-25 00.22.e	1101966	1769271666
iDraw/eTools/backup/获取实时歌词_窗口/获取实时歌词_窗口_2026-01-25 00.37.e	1102032	1769272536
iDraw/eTools/backup/获取实时歌词_窗口/获取实时歌词_窗口_2026-01-25 00.42.e	1104613	1769272926
iDraw/eTools/backup/获取实时歌词_窗口/获取实时歌词_窗口_2026-01-25 12.07.e	1100256	1769276720
iDraw/eTools/backup/获取实时歌词_窗口/获取实时歌词_窗口_2026-01-25 12.27.e	1100260	1769315054
iDraw/eTools/backup/获取实时歌词_窗口/获取实时歌词_窗口_2026-01-25 12.32.e	1100262	1769315467
iDraw/eTools/backup/获取实时歌词_窗口/获取实时歌词_窗口_2026-01-25 12.52.e	1100568	1769316738
iDraw/eTools/backup/获取实时歌词_窗口/获取实时歌词_窗口_2026-01-25 12.57.e	1100562	1769317014
iDraw/eTools/backup/获取实时歌词_窗口/获取实时歌词_窗口_2026-01-25 13.02.09.e	1100562	1769317324
iDraw/eTools/backup/获取实时歌词_窗口/获取实时歌词_窗口_2026-01-27 15.34.34.e	31228926	1769499271
iDraw/eTools/backup/萌QNT专用API模块_源码(一般无需修改)/萌QNT专用API模块_源码(一般无需修改)_2025-07-15 20.42.21.e	128779	1742276681
iDraw/eTools/backup/萌QNT的插件例子/萌QNT的插件例子_2025-04-23 19.40.16.e	58436	1745408273
iDraw/eTools/backup/萌QNT的插件例子/萌QNT的插件例子_2025-04-23 19.42.e	995585	1745408438
iDraw/eTools/backup/萌QNT的插件例子/萌QNT的插件例子_2025-04-23 19.54.e	57325	1745409022
iDraw/eTools/backup/萌QNT的插件例子/萌QNT的插件例子_2025-04-23 19.57.e	995585	1745408438
iDraw/eTools/backup/萌QNT的插件例子/萌QNT的插件例子_2025-04-23 19.59.e	57325	1745409022
iDraw/eTools/backup/萌QNT的插件例子/萌QNT的插件例子_2025-04-23 20.02.e	995585	1745408438
iDraw/eTools/backup/萌QNT的插件例子/萌QNT的插件例子_2025-04-23 20.04.e	57325	1745409022
iDraw/eTools/backup/萌QNT的插件例子/萌QNT的插件例子_2025-04-23 20.07.e	995585	1745408438
iDraw/eTools/backup/萌QNT的插件例子/萌QNT的插件例子_2025-04-23 20.27.e	995585	1745411014
iDraw/eTools/backup/萌QNT的插件例子/萌QNT的插件例子_2025-04-23 20.45.33.e	995585	1745412331
iDraw/eTools/backup/萌QNT的插件例子/萌QNT的插件例子_2025-04-24 19.49.e	57325	1745409022
iDraw/eTools/backup/萌QNT的插件例子/萌QNT的插件例子_2025-04-24 19.50.e	995585	1745412331
iDraw/eTools/backup/萌QNT的插件例子/萌QNT的插件例子_2025-04-24 19.54.e	57325	1745409022
iDraw/eTools/backup/萌QNT的插件例子/萌QNT的插件例子_2025-04-24 19.55.e	995585	1745412331
iDraw/eTools/backup/萌QNT的插件例子/萌QNT的插件例子_2025-04-24 19.59.e	57325	1745409022
iDraw/eTools/backup/萌QNT的插件例子/萌QNT的插件例子_2025-04-24 20.00.e	995585	1745412331
iDraw/eTools/backup/萌QNT的插件例子/萌QNT的插件例子_2025-04-24 20.04.e	57325	1745409022
iDraw/eTools/backup/萌QNT的插件例子/萌QNT的插件例子_2025-04-24 20.05.e	995585	1745412331
iDraw/eTools/backup/萌QNT的插件例子/萌QNT的插件例子_2025-04-24 20.09.e	57325	1745409022
iDraw/eTools/backup/萌QNT的插件例子/萌QNT的插件例子_2025-04-24 20.10.e	995585	1745412331
iDraw/eTools/backup/萌QNT的插件例子/萌QNT的插件例子_2025-04-24 20.14.e	57325	1745409022
iDraw/eTools/backup/萌QNT的插件例子/萌QNT的插件例子_2025-04-24 20.15.e	995585	1745412331
iDraw/eTools/backup/萌QNT的插件例子/萌QNT的插件例子_2025-04-24 20.19.e	57325	1745409022
iDraw/eTools/backup/萌QNT的插件例子/萌QNT的插件例子_2025-04-24 20.20.e	995585	1745412331
iDraw/eTools/backup/萌QNT的插件例子/萌QNT的插件例子_2025-04-24 20.24.e	57325	1745409022
iDraw/eTools/backup/萌QNT的插件例子/萌QNT的插件例子_2025-04-24 20.25.e	995585	1745412331
iDraw/eTools/backup/萌QNT的插件例子/萌QNT的插件例子_2025-04-24 20.29.e	57325	1745409022
iDraw/eTools/backup/萌QNT的插件例子/萌QNT的插件例子_2025-04-24 20.30.e	995585	1745412331
iDraw/eTools/backup/萌QNT的插件例子/萌QNT的插件例子_2025-04-24 20.34.e	57325	1745409022
iDraw/eTools/backup/萌QNT的插件例子/萌QNT的插件例子_2025-04-24 20.35.e	995585	1745412331
iDraw/eTools/backup/萌QNT的插件例子/萌QNT的插件例子_2025-04-24 20.39.e	57325	1745409022
iDraw/eTools/backup/萌QNT的插件例子/萌QNT的插件例子_2025-04-24 20.40.e	995585	1745412331
iDraw/eTools/backup/萌QNT的插件例子/萌QNT的插件例子_2025-04-24 20.44.e	57325	1745409022
iDraw/eTools/backup/萌QNT的插件例子/萌QNT的插件例子_2025-04-24 20.45.e	995585	1745412331
iDraw/eTools/backup/萌QNT的插件例子/萌QNT的插件例子_2025-04-24 20.49.e	57325	1745409022
iDraw/eTools/backup/萌QNT的插件例子/萌QNT的插件例子_2025-04-24 20.50.e	995585	1745412331
iDraw/eTools/backup/萌QNT的插件例子/萌QNT的插件例子_2025-04-24 20.54.e	57325	1745409022
iDraw/eTools/backup/萌QNT的插件例子/萌QNT的插件例子_2025-04-24 20.55.e	995585	1745412331
iDraw/eTools/backup/萌QNT的插件例子/萌QNT的插件例子_2025-04-24 20.59.e	57325	1745409022
iDraw/eTools/backup/萌QNT的插件例子/萌QNT的插件例子_2025-04-24 21.00.e	995585	1745412331
iDraw/eTools/backup/萌QNT的插件例子/萌QNT的插件例子_2025-04-24 21.04.e	57325	1745409022
iDraw/eTools/backup/萌QNT的插件例子/萌QNT的插件例子_2025-04-24 21.05.e	995585	1745412331
iDraw/eTools/backup/萌QNT的插件例子/萌QNT的插件例子_2025-04-24 21.09.e	57325	1745409022
iDraw/eTools/backup/萌QNT的插件例子/萌QNT的插件例子_2025-04-24 21.10.e	995585	1745412331
iDraw/eTools/backup/萌QNT的插件例子/萌QNT的插件例子_2025-04-24 21.14.e	57325	1745409022
iDraw/eTools/backup/萌QNT的插件例子/萌QNT的插件例子_2025-04-24 21.15.e	995585	1745412331
iDraw/eTools/backup/萌QNT的插件例子/萌QNT的插件例子_2025-04-24 21.19.e	57325	1745409022
iDraw/eTools/backup/萌QNT的插件例子/萌QNT的插件例子_2025-04-24 21.20.e	995585	1745412331
iDraw/eTools/backup/萌QNT的插件例子/萌QNT的插件例子_2025-04-24 21.24.e	57325	1745409022
iDraw/eTools/backup/萌QNT的插件例子/萌QNT的插件例子_2025-04-24 21.25.e	995585	1745412331
iDraw/eTools/backup/萌QNT的插件例子/萌QNT的插件例子_2025-04-24 21.29.e	57325	1745409022
iDraw/eTools/backup/萌QNT的插件例子/萌QNT的插件例子_2025-04-24 21.30.e	995585	1745412331
iDraw/eTools/backup/萌QNT的插件例子/萌QNT的插件例子_2025-04-24 21.34.e	57325	1745409022
iDraw/eTools/backup/萌QNT的插件例子/萌QNT的插件例子_2025-04-24 21.35.e	995585	1745412331
iDraw/eTools/backup/萌QNT的插件例子/萌QNT的插件例子_2025-04-24 21.39.e	57325	1745409022
iDraw/eTools/backup/萌QNT的插件例子/萌QNT的插件例子_2025-04-24 21.40.e	995585	1745412331
iDraw/eTools/backup/萌QNT的插件例子/萌QNT的插件例子_2025-04-24 21.44.e	57325	1745409022
iDraw/eTools/backup/萌QNT的插件例子/萌QNT的插件例子_2025-04-24 21.45.e	995585	1745412331
iDraw/eTools/backup/萌QNT的插件例子/萌QNT的插件例子_2025-04-24 21.49.e	57325	1745409022
iDraw/eTools/backup/萌QNT的插件例子/萌QNT的插件例子_2025-04-25 21.19.e	57325	1745409022
iDraw/eTools/backup/萌QNT的插件例子/萌QNT的插件例子_2025-04-25 21.24.e	995585	1745412331
iDraw/eTools/backup/萌QNT的插件例子/萌QNT的插件例子_2025-04-25 21.29.e	57325	1745409022
iDraw/eTools/backup/萌QNT的插件例子/萌QNT的插件例子_2025-04-25 21.34.e	995585	1745412331
iDraw/eTools/backup/萌QNT的插件例子/萌QNT的插件例子_2025-04-25 21.39.e	57325	1745409022
iDraw/eTools/backup/萌QNT的插件例子/萌QNT的插件例子_2025-04-25 21.44.e	995585	1745412331
iDraw/eTools/backup/萌QNT的插件例子/萌QNT的插件例子_2025-04-25 21.49.e	57325	1745409022
iDraw/eTools/backup/萌QNT的插件例子/萌QNT的插件例子_2025-04-25 21.54.e	995585	1745412331
iDraw/eTools/backup/萌QNT的插件例子/萌QNT的插件例子_2025-04-25 21.59.e	57325	1745409022
iDraw/eTools/backup/萌QNT的插件例子/萌QNT的插件例子_2025-04-25 22.04.e	995585	1745412331
iDraw/eTools/backup/萌QNT的插件例子/萌QNT的插件例子_2025-04-25 22.09.e	57325	1745409022
iDraw/eTools/backup/萌QNT的插件例子/萌QNT的插件例子_2025-04-25 22.14.e	995585	1745412331
iDraw/eTools/backup/萌QNT的插件例子/萌QNT的插件例子_2025-04-25 22.19.e	57325	1745409022
iDraw/eTools/backup/萌QNT的插件例子/萌QNT的插件例子_2025-04-25 22.24.e	995585	1745412331
iDraw/eTools/backup/萌QNT的插件例子/萌QNT的插件例子_2025-04-25 22.29.e	57325	1745409022
iDraw/eTools/backup/萌QNT的插件例子/萌QNT的插件例子_2025-04-25 22.34.e	995585	1745412331
iDraw/eTools/backup/萌QNT的插件例子/萌QNT的插件例子_2025-04-25 22.39.e	57325	1745409022
iDraw/eTools/backup/萌QNT的插件例子/萌QNT的插件例子_2025-04-26 07.34.e	995585	1745412331
iDraw/eTools/backup/萌QNT的插件例子/萌QNT的插件例子_2025-04-26 07.39.e	57325	1745409022
iDraw/eTools/backup/萌QNT的插件例子/萌QNT的插件例子_2025-04-26 07.44.e	995585	1745412331
iDraw/eTools/backup/萌QNT的插件例子/萌QNT的插件例子_2025-04-26 07.49.e	57325	1745409022
iDraw/eTools/backup/萌QNT的插件例子/萌QNT的插件例子_2025-04-26 07.54.e	995585	1745412331
iDraw/eTools/backup/萌QNT的插件例子/萌QNT的插件例子_2025-04-26 07.59.e	57325	1745409022
iDraw/eTools/backup/萌QNT的插件例子/萌QNT的插件例子_2025-04-26 10.50.e	995585	1745412331
iDraw/eTools/backup/萌QNT的插件例子/萌QNT的插件例子_2025-04-26 10.55.e	57325	1745409022
iDraw/eTools/backup/萌QNT的插件例子/萌QNT的插件例子_2025-04-26 11.00.e	995585	1745412331
iDraw/eTools/backup/萌QNT的插件例子/萌QNT的插件例子_2025-04-26 11.05.e	57325	1745409022
iDraw/eTools/backup/萌QNT的插件例子/萌QNT的插件例子_2025-04-26 11.10.e	995585	1745412331
iDraw/eTools/backup/萌QNT的插件例子/萌QNT的插件例子_2025-04-26 11.15.e	57325	1745409022
iDraw/eTools/backup/萌QNT的插件例子/萌QNT的插件例子_2025-04-26 11.20.e	995585	1745412331
iDraw/eTools/backup/萌QNT的插件例子/萌QNT的插件例子_2025-04-26 11.25.e	57325	1745409022
iDraw/eTools/backup/萌QNT的插件例子/萌QNT的插件例子_2025-04-26 11.30.e	995585	1745412331
iDraw/eTools/backup/萌QNT的插件例子/萌QNT的插件例子_2025-04-26 11.35.e	57325	1745409022
iDraw/eTools/backup/萌QNT的插件例子/萌QNT的插件例子_2025-04-26 11.40.e	995585	1745412331
iDraw/eTools/backup/萌QNT的插件例子/萌QNT的插件例子_2025-04-26 11.45.e	57325	1745409022
iDraw/eTools/backup/萌QNT的插件例子/萌QNT的插件例子_2025-04-26 11.50.e	995585	1745412331
iDraw/eTools/backup/萌QNT的插件例子/萌QNT的插件例子_2025-04-26 11.55.e	57325	1745409022
iDraw/eTools/backup/萌QNT的插件例子/萌QNT的插件例子_2025-04-26 12.00.e	995585	1745412331
iDraw/eTools/backup/萌QNT的插件例子/萌QNT的插件例子_2025-04-26 12.05.e	57325	1745409022
iDraw/eTools/backup/萌QNT的插件例子/萌QNT的插件例子_2025-04-26 12.10.e	995585	1745412331
iDraw/eTools/backup/萌QNT的插件例子/萌QNT的插件例子_2025-04-26 12.15.e	57325	1745409022
iDraw/eTools/backup/萌QNT的插件例子/萌QNT的插件例子_2025-04-26 12.20.e	995585	1745412331
iDraw/eTools/backup/萌QNT的插件例子/萌QNT的插件例子_2025-04-26 12.25.e	57325	1745409022
iDraw/eTools/backup/萌QNT的插件例子/萌QNT的插件例子_2025-04-26 12.30.e	995585	1745412331
iDraw/eTools/backup/萌QNT的插件例子/萌QNT的插件例子_2025-04-26 12.35.e	57325	1745409022
iDraw/eTools/backup/萌QNT的插件例子/萌QNT的插件例子_2025-04-26 12.40.e	995585	1745412331
iDraw/eTools/backup/萌QNT的插件例子/萌QNT的插件例子_2025-04-26 12.45.e	57325	1745409022
iDraw/eTools/backup/萌QNT的插件例子/萌QNT的插件例子_2025-04-26 12.50.e	995585	1745412331
iDraw/eTools/backup/萌QNT的插件例子/萌QNT的插件例子_2025-04-26 12.55.e	57325	1745409022
iDraw/eTools/backup/萌QNT的插件例子/萌QNT的插件例子_2025-04-26 13.00.e	995585	1745412331
iDraw/eTools/backup/萌QNT的插件例子/萌QNT的插件例子_2025-04-26 13.05.e	57325	1745409022
iDraw/eTools/backup/萌QNT的插件例子/萌QNT的插件例子_2025-04-26 13.10.e	995585	1745412331
iDraw/eTools/backup/萌QNT的插件例子/萌QNT的插件例子_2025-04-26 13.15.e	57325	1745409022
iDraw/eTools/backup/萌QNT的插件例子/萌QNT的插件例子_2025-04-26 13.20.e	995585	1745412331
iDraw/eTools/backup/萌QNT的插件例子/萌QNT的插件例子_2025-04-26 13.25.e	57325	1745409022
iDraw/eTools/backup/萌QNT的插件例子/萌QNT的插件例子_2025-04-26 13.30.e	995585	1745412331
iDraw/eTools/backup/萌QNT的插件例子/萌QNT的插件例子_2025-04-26 13.35.e	57325	1745409022
iDraw/eTools/backup/萌QNT的插件例子/萌QNT的插件例子_2025-04-26 13.40.e	995585	1745412331
iDraw/eTools/backup/萌QNT的插件例子/萌QNT的插件例子_2025-04-26 13.45.e	57325	1745409022
iDraw/eTools/backup/萌QNT的插件例子/萌QNT的插件例子_2025-04-26 13.50.e	995585	1745412331
iDraw/eTools/backup/萌QNT的插件例子/萌QNT的插件例子_2025-04-26 13.55.e	57325	1745409022
iDraw/eTools/backup/萌QNT的插件例子/萌QNT的插件例子_2025-04-26 14.00.e	995585	1745412331
iDraw/eTools/backup/萌QNT的插件例子/萌QNT的插件例子_2025-04-26 14.05.e	57325	1745409022
iDraw/eTools/backup/萌QNT的插件例子/萌QNT的插件例子_2025-04-26 14.10.e	995585	1745412331
iDraw/eTools/backup/萌QNT的插件例子/萌QNT的插件例子_2025-04-26 14.15.e	57325	1745409022
iDraw/eTools/backup/萌QNT的插件例子/萌QNT的插件例子_2025-04-26 14.20.e	995585	1745412331
iDraw/eTools/backup/萌QNT的插件例子/萌QNT的插件例子_2025-04-26 14.25.e	57325	1745409022
iDraw/eTools/backup/萌QNT的插件例子/萌QNT的插件例子_2025-04-26 14.30.e	995585	1745412331
iDraw/eTools/backup/萌QNT的插件例子/萌QNT的插件例子_2025-04-26 14.35.e	57325	1745409022
iDraw/eTools/backup/萌QNT的插件例子/萌QNT的插件例子_2025-04-26 14.40.e	995585	1745412331
iDraw/eTools/backup/萌QNT的插件例子/萌QNT的插件例子_2025-04-26 14.45.e	57325	1745409022
iDraw/eTools/backup/萌QNT的插件例子/萌QNT的插件例子_2025-04-26 14.50.e	995585	1745412331
iDraw/eTools/backup/萌QNT的插件例子/萌QNT的插件例子_2025-04-26 14.55.e	57325	1745409022
iDraw/eTools/backup/萌QNT的插件例子/萌QNT的插件例子_2025-04-26 15.00.e	995585	1745412331
iDraw/eTools/backup/萌QNT的插件例子/萌QNT的插件例子_2025-04-26 15.05.e	57325	1745409022
iDraw/eTools/backup/萌QNT的插件例子/萌QNT的插件例子_2025-04-26 15.10.e	995585	1745412331
iDraw/eTools/backup/萌QNT的插件例子/萌QNT的插件例子_2025-04-26 15.15.e	57325	1745409022
iDraw/eTools/backup/萌QNT的插件例子/萌QNT的插件例子_2025-04-26 15.20.e	995585	1745412331
iDraw/eTools/backup/萌QNT的插件例子/萌QNT的插件例子_2025-04-26 15.25.e	57325	1745409022
iDraw/eTools/backup/萌QNT的插件例子/萌QNT的插件例子_2025-04-26 15.30.e	995585	1745412331
iDraw/eTools/backup/萌QNT的插件例子/萌QNT的插件例子_2025-04-26 15.35.e	57325	1745409022
iDraw/eTools/backup/萌QNT的插件例子/萌QNT的插件例子_2025-04-26 15.40.e	995585	1745412331
iDraw/eTools/backup/萌QNT的插件例子/萌QNT的插件例子_2025-04-26 18.05.e	995706	1745661882
iDraw/eTools/backup/萌QNT的插件例子/萌QNT的插件例子_2025-04-26 18.35.e	996163	1745663676
iDraw/eTools/backup/萌QNT的插件例子/萌QNT的插件例子_2025-04-26 18.50.e	996163	1745664642
iDraw/eTools/backup/萌QNT的插件例子/萌QNT的插件例子_2025-04-26 18.55.e	996309	1745664882
iDraw/eTools/backup/萌QNT的插件例子/萌QNT的插件例子_2025-04-26 19.00.e	996709	1745665212
iDraw/eTools/backup/萌QNT的插件例子/萌QNT的插件例子_2025-04-26 19.05.e	996782	1745665522
iDraw/eTools/backup/萌QNT的插件例子/萌QNT的插件例子_2025-04-26 19.20.e	996782	1745665522
iDraw/eTools/backup/萌QNT的插件例子/萌QNT的插件例子_2025-04-26 19.25.e	996782	1745665522
iDraw/eTools/backup/萌QNT的插件例子/萌QNT的插件例子_2025-04-26 19.30.e	996782	1745665522
iDraw/eTools/backup/萌QNT的插件例子/萌QNT的插件例子_2025-04-26 19.35.e	996782	1745665522
iDraw/eTools/backup/萌QNT的插件例子/萌QNT的插件例子_2025-04-26 19.40.e	996782	1745665522
iDraw/eTools/backup/萌QNT的插件例子/萌QNT的插件例子_2025-04-26 19.45.e	996782	1745665522
iDraw/eTools/backup/萌QNT的插件例子/萌QNT的插件例子_2025-04-26 19.50.e	996782	1745665522
iDraw/eTools/backup/萌QNT的插件例子/萌QNT的插件例子_2025-04-26 19.55.e	996782	1745665522
iDraw/eTools/backup/萌QNT的插件例子/萌QNT的插件例子_2025-04-26 20.00.e	996782	1745665522
iDraw/eTools/backup/萌QNT的插件例子/萌QNT的插件例子_2025-04-26 20.05.e	996782	1745665522
iDraw/eTools/backup/萌QNT的插件例子/萌QNT的插件例子_2025-04-26 20.10.e	996782	1745665522
iDraw/eTools/backup/萌QNT的插件例子/萌QNT的插件例子_2025-04-26 20.15.e	996782	1745665522
iDraw/eTools/backup/萌QNT的插件例子/萌QNT的插件例子_2025-04-26 20.20.e	996782	1745665522
iDraw/eTools/backup/萌QNT的插件例子/萌QNT的插件例子_2025-04-26 20.25.e	996782	1745665522
iDraw/eTools/backup/萌QNT的插件例子/萌QNT的插件例子_2025-04-26 20.30.e	996782	1745665522
iDraw/eTools/backup/萌QNT的插件例子/萌QNT的插件例子_2025-04-26 20.35.e	996782	1745665522
iDraw/eTools/backup/萌QNT的插件例子/萌QNT的插件例子_2025-04-26 20.40.e	996782	1745665522
iDraw/eTools/backup/萌QNT的插件例子/萌QNT的插件例子_2025-04-26 20.45.e	996782	1745665522
iDraw/eTools/backup/萌QNT的插件例子/萌QNT的插件例子_2025-04-26 20.50.e	996782	1745665522
iDraw/eTools/backup/萌QNT的插件例子/萌QNT的插件例子_2025-04-26 20.54.56.e	194379	1744988243
iDraw/eTools/backup/萌QNT的插件例子/萌QNT的插件例子_2025-04-26 20.55.e	996782	1745665522
iDraw/eTools/backup/萌QNT的插件例子/萌QNT的插件例子_2025-04-26 21.50.e	996782	1745675412
iDraw/eTools/backup/萌QNT的插件例子/萌QNT的插件例子_2025-04-26 21.55.e	996969	1745675467
iDraw/eTools/backup/萌QNT的插件例子/萌QNT的插件例子_2025-04-26 22.05.e	996680	1745676340
iDraw/eTools/backup/萌QNT的插件例子/萌QNT的插件例子_2025-04-26 22.10.e	996947	1745676582
iDraw/eTools/backup/萌QNT的插件例子/萌QNT的插件例子_2025-04-26 22.15.e	998049	1745676942
iDraw/eTools/backup/萌QNT的插件例子/萌QNT的插件例子_2025-04-26 22.20.e	998049	1745676952
iDraw/eTools/backup/萌QNT的插件例子/萌QNT的插件例子_2025-04-28 22.01.e	998044	1745848865
iDraw/eTools/backup/萌QNT的插件例子/萌QNT的插件例子_2025-04-28 22.06.e	998592	1745849165
iDraw/eTools/backup/萌QNT的插件例子/萌QNT的插件例子_2025-04-28 22.11.e	999520	1745849465
iDraw/eTools/backup/萌QNT的插件例子/萌QNT的插件例子_2025-04-28 22.16.e	999977	1745849671
iDraw/eTools/backup/萌QNT的插件例子/萌QNT的插件例子_2025-04-28 22.21.e	1000730	1745849945
iDraw/eTools/backup/萌QNT的插件例子/萌QNT的插件例子_2025-04-28 22.26.e	1000920	1745850275
iDraw/eTools/backup/萌QNT的插件例子/萌QNT的插件例子_2025-04-28 22.42.59.e	1000920	1745851375
iDraw/eTools/backup/萌QNT的插件例子/萌QNT的插件例子_2025-05-03 20.55.e	1378123	1744860390
iDraw/eTools/backup/萌QNT的插件例子/萌QNT的插件例子_2025-05-12 21.37.01.e	1000920	1745851375
iDraw/eTools/backup/萌QNT的插件例子/萌QNT的插件例子_2025-06-27 18.43.e	1378123	1744860390
iDraw/eTools/backup/萌QNT的插件例子/萌QNT的插件例子_2025-06-27 19.03.e	1374566	1751021924
iDraw/eTools/backup/萌QNT的插件例子/萌QNT的插件例子_2025-06-27 19.13.e	1375614	1751022762
iDraw/eTools/backup/萌QNT的插件例子/萌QNT的插件例子_2025-06-27 19.18.e	1375739	1751022830
iDraw/eTools/backup/萌QNT的插件例子/萌QNT的插件例子_2025-06-27 19.28.e	1375775	1751023423
iDraw/eTools/backup/萌QNT的插件例子/萌QNT的插件例子_2025-07-07 14.31.e	1375483	1751869573
iDraw/eTools/backup/萌QNT的插件例子/萌QNT的插件例子_2025-07-07 15.16.e	1375615	1751872566
iDraw/eTools/backup/萌QNT的插件例子/萌QNT的插件例子_2025-07-07 15.21.26.e	1375635	1751872885
iDraw/eTools/backup/萌QNT的插件例子/萌QNT的插件例子_2025-07-07 15.21.e	1375539	1751872813
iDraw/eTools/backup/萌QNT的插件例子/萌QNT的插件例子_2025-07-17 11.33.22.e	1378123	1744860390
iDraw/eTools/backup/萌QNT的插件例子/萌QNT的插件例子_2025-07-17 11.36.e	1375635	1751872885
iDraw/eTools/backup/萌QNT的插件例子/萌QNT的插件例子_2025-07-17 11.37.46.e	61406	1752723463
iDraw/eTools/backup/萌QNT的插件例子/萌QNT的插件例子_2025-07-17 11.41.e	1375635	1751872885
iDraw/eTools/backup/萌QNT的插件例子/萌QNT的插件例子_2025-07-17 22.51.e	61253	1752763612
iDraw/eTools/backup/萌QNT的插件例子/萌QNT的插件例子_2025-07-20 14.01.e	1133597	1752991174
iDraw/eTools/backup/萌QNT的插件例子/萌QNT的插件例子_2025-07-20 15.21.e	1163103	1752996039
iDraw/eTools/backup/萌QNT的插件例子/萌QNT的插件例子_2025-07-20 15.26.e	1184069	1752996369
iDraw/eTools/backup/萌QNT的插件例子/萌QNT的插件例子_2025-07-20 15.31.e	1184800	1752996669
iDraw/eTools/backup/萌QNT的插件例子/萌QNT的插件例子_2025-07-20 15.36.e	1185423	1752996936
iDraw/eTools/backup/萌QNT的插件例子/萌QNT的插件例子_2025-07-20 15.41.e	1184636	1752997291
iDraw/eTools/backup/萌QNT的插件例子/萌QNT的插件例子_2025-07-20 15.46.e	1184677	1752997303
iDraw/eTools/backup/萌QNT的插件例子/萌QNT的插件例子_2025-07-20 19.11.e	1184696	1753009869
iDraw/eTools/backup/萌QNT的插件例子/萌QNT的插件例子_2025-07-20 19.16.e	1184782	1753009933
iDraw/eTools/backup/萌QNT的插件例子/萌QNT的插件例子_2025-07-20 19.32.e	1135796	1753010966
iDraw/eTools/backup/萌QNT的插件例子/萌QNT的插件例子_2025-07-20 19.41.00.e	1191048	1753011660
iDraw/eTools/backup/萌QNT的插件例子/萌QNT的插件例子_2025-07-21 11.09.38.e	1135630	1753067373
iDraw/eTools/backup/萌QNT的插件例子/萌QNT的插件例子_2025-07-27 15.57.45.e	194379	1744988243
iDraw/eTools/backup/萌QNT的插件例子/萌QNT的插件例子_2025-07-29 22.31.e	1135630	1753067373
iDraw/eTools/backup/萌QNT的插件例子/萌QNT的插件例子_2025-08-19 17.27.03.e	1124187	1755595509
iDraw/eTools/backup/萌QNT的插件例子/萌QNT的插件例子_2025-10-03 15.18.e	1378123	1744860390
iDraw/eTools/backup/萌QNT的插件例子/萌QNT的插件例子_2025-10-03 15.23.e	1024118	1759475959
iDraw/eTools/backup/萌QNT的插件例子/萌QNT的插件例子_2025-10-03 17.08.e	1168332	1759482510
iDraw/eTools/backup/萌QNT的插件例子/萌QNT的插件例子_2025-10-03 17.09.05.e	1355900	1759482542
iDraw/eTools/backup/萌QNT的插件例子/萌QNT的插件例子_2025-10-04 16.51.20.e	1182448	1759567877
iDraw/eTools/backup/萌QNT的插件例子/萌QNT的插件例子_2025-10-04 22.47.55.e	1182444	1759589272
iDraw/eTools/backup/萌QNT的插件例子/萌QNT的插件例子_2025-10-06 19.12.e	1182444	1759749172
iDraw/eTools/backup/萌QNT的插件例子/萌QNT的插件例子_2026-03-03 15.17.e	1000026	1772521934
iDraw/eTools/backup/萌Q取群名插件源码/萌Q取群名插件源码_2025-06-04 17.38.e	194379	1749011761
iDraw/eTools/backup/萌尘框架官方版/萌尘框架官方版_2025-10-31 19.02.e	1543079	1761906840
iDraw/eTools/backup/萌尘框架官方版/萌尘框架官方版_2025-10-31 19.07.e	664174	1761908829
iDraw/eTools/backup/萌尘框架官方版/萌尘框架官方版_2025-10-31 19.12.e	667010	1761909069
iDraw/eTools/backup/萌尘框架官方版/萌尘框架官方版_2025-10-31 21.07.e	667010	1761916034
iDraw/eTools/backup/萌尘框架官方版/萌尘框架官方版_2025-10-31 21.12.e	706183	1761916329
iDraw/eTools/backup/萌尘框架官方版/萌尘框架官方版_2025-10-31 21.17.e	723871	1761916629
iDraw/eTools/backup/萌尘框架官方版/萌尘框架官方版_2025-10-31 21.22.e	554303	1761916929
iDraw/eTools/backup/萌尘框架官方版/萌尘框架官方版_2025-10-31 21.24.42.e	570894	1761917075
iDraw/eTools/backup/萌尘框架官方版/萌尘框架官方版_2025-10-31 21.30.e	494236	1761917148
iDraw/eTools/backup/萌尘框架官方版/萌尘框架官方版_2025-10-31 21.35.e	494129	1761917675
iDraw/eTools/backup/萌尘框架官方版/萌尘框架官方版_2025-10-31 21.38.50.e	494140	1761917926
iDraw/eTools/backup/萌尘框架官方版/萌尘框架官方版_2025-10-31 21.40.05.e	1470648	1761918000
iDraw/eTools/backup/萌尘框架官方版/萌尘框架官方版_2026-05-18 19.26.01.e	1543079	1779103504
iDraw/eTools/backup/萌尘框架官方版_UI自适应版 - 複製/萌尘框架官方版_UI自适应版 - 複製_2025-12-03 18.04.e	1460543	1761930386
iDraw/eTools/backup/萌尘框架官方版_UI自适应版 - 複製/萌尘框架官方版_UI自适应版 - 複製_2025-12-03 18.07.50.e	1057517	1764756467
iDraw/eTools/backup/萌尘框架官方版_UI自适应版 - 複製/萌尘框架官方版_UI自适应版 - 複製_2025-12-03 18.09.04.e	1052848	1764756542
iDraw/eTools/backup/萌尘框架官方版_UI自适应版 - 複製/萌尘框架官方版_UI自适应版 - 複製_2025-12-03 18.09.41.e	1052555	1764756581
iDraw/eTools/backup/萌尘框架官方版_UI自适应版 - 複製/萌尘框架官方版_UI自适应版 - 複製_2025-12-03 18.20.19.e	1037868	1764757089
iDraw/eTools/backup/萌尘框架官方版_UI自适应版/萌尘框架官方版_UI自适应版_2025-10-31 21.43.48.e	1470648	1761918000
iDraw/eTools/backup/萌尘框架官方版_UI自适应版/萌尘框架官方版_UI自适应版_2025-10-31 22.33.e	1472847	1761920924
iDraw/eTools/backup/萌尘框架官方版_UI自适应版/萌尘框架官方版_UI自适应版_2025-10-31 22.38.e	1470883	1761921434
iDraw/eTools/backup/萌尘框架官方版_UI自适应版/萌尘框架官方版_UI自适应版_2025-10-31 22.43.e	1466497	1761921794
iDraw/eTools/backup/萌尘框架官方版_UI自适应版/萌尘框架官方版_UI自适应版_2025-10-31 22.48.e	1467437	1761922116
iDraw/eTools/backup/萌尘框架官方版_UI自适应版/萌尘框架官方版_UI自适应版_2025-10-31 22.53.e	1467698	1761922304
iDraw/eTools/backup/萌尘框架官方版_UI自适应版/萌尘框架官方版_UI自适应版_2025-10-31 22.58.e	1468475	1761922694
iDraw/eTools/backup/萌尘框架官方版_UI自适应版/萌尘框架官方版_UI自适应版_2025-10-31 23.03.e	1468449	1761922994
iDraw/eTools/backup/萌尘框架官方版_UI自适应版/萌尘框架官方版_UI自适应版_2025-10-31 23.08.e	1468646	1761923264
iDraw/eTools/backup/萌尘框架官方版_UI自适应版/萌尘框架官方版_UI自适应版_2025-10-31 23.13.e	1469016	1761923594
iDraw/eTools/backup/萌尘框架官方版_UI自适应版/萌尘框架官方版_UI自适应版_2025-10-31 23.18.e	1469483	1761923894
iDraw/eTools/backup/萌尘框架官方版_UI自适应版/萌尘框架官方版_UI自适应版_2025-10-31 23.28.e	1468904	1761924374
iDraw/eTools/backup/萌尘框架官方版_UI自适应版/萌尘框架官方版_UI自适应版_2025-10-31 23.38.e	1456815	1761925017
iDraw/eTools/backup/萌尘框架官方版_UI自适应版/萌尘框架官方版_UI自适应版_2025-10-31 23.43.e	1457612	1761925397
iDraw/eTools/backup/萌尘框架官方版_UI自适应版/萌尘框架官方版_UI自适应版_2025-10-31 23.48.e	1458123	1761925697
iDraw/eTools/backup/萌尘框架官方版_UI自适应版/萌尘框架官方版_UI自适应版_2025-10-31 23.53.e	1458095	1761925877
iDraw/eTools/backup/萌尘框架官方版_UI自适应版/萌尘框架官方版_UI自适应版_2025-10-31 23.58.e	1459271	1761926237
iDraw/eTools/backup/萌尘框架官方版_UI自适应版/萌尘框架官方版_UI自适应版_2025-11-01 00.03.e	1459643	1761926597
iDraw/eTools/backup/萌尘框架官方版_UI自适应版/萌尘框架官方版_UI自适应版_2025-11-01 00.08.e	1459664	1761926897
iDraw/eTools/backup/萌尘框架官方版_UI自适应版/萌尘框架官方版_UI自适应版_2025-11-01 00.13.e	1459417	1761927197
iDraw/eTools/backup/萌尘框架官方版_UI自适应版/萌尘框架官方版_UI自适应版_2025-11-01 00.23.e	1459983	1761927797
iDraw/eTools/backup/萌尘框架官方版_UI自适应版/萌尘框架官方版_UI自适应版_2025-11-01 00.38.e	1460449	1761928697
iDraw/eTools/backup/萌尘框架官方版_UI自适应版/萌尘框架官方版_UI自适应版_2025-11-01 00.43.e	1460540	1761928992
iDraw/eTools/backup/萌尘框架官方版_UI自适应版/萌尘框架官方版_UI自适应版_2025-11-01 01.06.31.e	1460543	1761930386
iDraw/eTools/backup/萌尘框架官方版_UI自适应版/萌尘框架官方版_UI自适应版_2025-12-03 22.26.e	1488551	1764772005
iDraw/eTools/backup/萌尘框架官方版_UI自适应版/萌尘框架官方版_UI自适应版_2025-12-03 22.31.12.e	1488685	1764772269
iDraw/eTools/backup/虚拟机授权/虚拟机授权_2026-07-20 22.57.e	1288163	1784559416
iDraw/eTools/backup/虚拟机授权/虚拟机授权_2026-07-20 23.02.e	1288330	1784559700
iDraw/eTools/backup/虚拟机授权/虚拟机授权_2026-07-20 23.07.e	1289145	1784560000
iDraw/eTools/backup/虚拟机授权/虚拟机授权_2026-07-20 23.12.e	1289847	1784560180
iDraw/eTools/backup/虚拟机授权/虚拟机授权_2026-07-20 23.17.e	1290630	1784560600
iDraw/eTools/backup/虚拟机授权/虚拟机授权_2026-07-20 23.18.39.e	1290724	1784560712
iDraw/eTools/backup/虚拟机授权/虚拟机授权_2026-07-20 23.22.30.e	1290071	1784560944
iDraw/eTools/backup/虚拟机授权/虚拟机授权_2026-07-20 23.28.e	1290071	1784561138
iDraw/eTools/backup/解析整个窗口/解析整个窗口_2025-12-31 17.24.e	871542	1544172416
iDraw/eTools/backup/解析整个窗口/解析整个窗口_2025-12-31 17.29.e	823503	1767173047
iDraw/eTools/backup/解析整个窗口/解析整个窗口_2025-12-31 17.34.05.e	823503	1767173347
iDraw/eTools/backup/计划任务/计划任务_2026-02-13 10.54.e	1712	1770951010
iDraw/eTools/backup/计划任务/计划任务_2026-02-13 13.49.e	1712	1770961690
iDraw/eTools/backup/计算器源码/计算器源码_2025-05-20 17.30.e	30632	1747729464
iDraw/eTools/backup/计算器源码/计算器源码_2025-05-20 17.31.37.e	30651	1747733401
iDraw/eTools/backup/读取内容/读取内容_2025-06-29 22.50.09.e	39901	1734104508
iDraw/eTools/backup/谁艾特我/谁艾特我_2026-02-26 15.13.00.e	1535493	1772089963
iDraw/eTools/backup/身高解析/身高解析_2025-07-12 14.46.e	3206663	1752302679
iDraw/eTools/backup/身高解析/身高解析_2025-07-12 14.51.e	3206656	1752303038
iDraw/eTools/backup/身高解析/身高解析_2025-07-12 14.56.e	3206749	1752303338
iDraw/eTools/backup/身高解析/身高解析_2025-07-12 15.01.e	3206933	1752303548
iDraw/eTools/backup/身高解析/身高解析_2025-07-12 15.06.e	3206956	1752303938
iDraw/eTools/backup/身高解析/身高解析_2025-07-12 15.11.e	3206997	1752304238
iDraw/eTools/backup/身高解析/身高解析_2025-07-12 15.16.e	3207406	1752304538
iDraw/eTools/backup/身高解析/身高解析_2025-07-12 15.21.e	3207150	1752304688
iDraw/eTools/backup/身高解析/身高解析_2025-07-12 15.31.e	3207141	1752305438
iDraw/eTools/backup/身高解析/身高解析_2025-07-12 15.36.e	3207411	1752305708
iDraw/eTools/backup/身高解析/身高解析_2025-07-12 15.41.e	2090670	1752306038
iDraw/eTools/backup/身高解析/身高解析_2025-07-12 15.46.e	2091199	1752306342
iDraw/eTools/backup/身高解析/身高解析_2025-07-12 15.51.e	2091405	1752306458
iDraw/eTools/backup/身高解析/身高解析_2025-07-12 16.06.e	2091403	1752307418
iDraw/eTools/backup/身高解析/身高解析_2025-07-12 16.26.e	2091506	1752308558
iDraw/eTools/backup/身高解析/身高解析_2025-07-12 16.36.e	2091885	1752309338
iDraw/eTools/backup/身高解析/身高解析_2025-07-12 16.46.e	2091824	1752309788
iDraw/eTools/backup/身高解析/身高解析_2025-07-12 21.36.e	1322196	1752327219
iDraw/eTools/backup/身高解析/身高解析_2025-07-12 21.46.e	1322344	1752327878
iDraw/eTools/backup/身高解析/身高解析_2025-07-12 21.51.e	1322370	1752328058
iDraw/eTools/backup/身高解析/身高解析_2025-07-12 21.56.e	1322449	1752328508
iDraw/eTools/backup/身高解析/身高解析_2025-07-12 22.01.e	1323278	1752328778
iDraw/eTools/backup/身高解析/身高解析_2025-07-12 22.06.e	1323893	1752329138
iDraw/eTools/backup/身高解析/身高解析_2025-07-12 22.21.e	1324282	1752329888
iDraw/eTools/backup/身高解析/身高解析_2025-07-12 22.26.e	1324566	1752330338
iDraw/eTools/backup/身高解析/身高解析_2025-07-12 22.31.e	1324907	1752330638
iDraw/eTools/backup/身高解析/身高解析_2025-07-12 22.41.e	1324701	1752331245
iDraw/eTools/backup/身高解析/身高解析_2025-07-12 22.46.e	1324687	1752331268
iDraw/eTools/backup/身高解析/身高解析_2025-07-12 23.16.e	1324676	1752333128
iDraw/eTools/backup/还我公平的抢红包！ [2.0]/还我公平的抢红包！ [2.0]_2026-02-16 11.08.e	1220793	1771211284
iDraw/eTools/backup/还我公平的抢红包！ [2.0]/还我公平的抢红包！ [2.0]_2026-02-16 11.13.e	1220761	1771211308
iDraw/eTools/backup/还我公平的抢红包！ [2.0]/还我公平的抢红包！ [2.0]_2026-02-16 11.23.e	1355539	1771212112
iDraw/eTools/backup/还我公平的抢红包！ [2.0]/还我公平的抢红包！ [2.0]_2026-02-16 11.38.e	1355663	1771213084
iDraw/eTools/backup/还我公平的抢红包！ [2.0]/还我公平的抢红包！ [2.0]_2026-02-16 16.23.e	1355715	1771230172
iDraw/eTools/backup/还我公平的抢红包！ [2.0]/还我公平的抢红包！ [2.0]_2026-02-16 16.28.e	1355810	1771230415
iDraw/eTools/backup/还我公平的抢红包！ [2.0]/还我公平的抢红包！ [2.0]_2026-02-16 16.33.e	1356335	1771230677
iDraw/eTools/backup/还我公平的抢红包！ [2.0]/还我公平的抢红包！ [2.0]_2026-02-16 16.38.e	1356639	1771231069
iDraw/eTools/backup/还我公平的抢红包！ [2.0]/还我公平的抢红包！ [2.0]_2026-02-16 16.43.e	1356522	1771231192
iDraw/eTools/backup/还我公平的抢红包！ [2.0]/还我公平的抢红包！ [2.0]_2026-03-29 21.39.e	1544334	1774791262
iDraw/eTools/backup/还我公平的抢红包！ [2.0]/还我公平的抢红包！ [2.0]_2026-03-29 21.54.e	1544168	1774792431
iDraw/eTools/backup/还我公平的抢红包！ [2.0]/还我公平的抢红包！ [2.0]_2026-03-29 23.06.e	1401480	1774796506
iDraw/eTools/backup/远程桌面模块/远程桌面模块_2025-02-24 15.47.25.e	74365	1625628224
iDraw/eTools/backup/远程管理/远程管理_2025-02-24 15.51.18.e	1437395	1740383477
iDraw/eTools/backup/远程管理/远程管理_2025-06-13 21.22.e	1438211	1749820906
iDraw/eTools/backup/远程管理/远程管理_2025-06-13 21.27.e	1438450	1749821235
iDraw/eTools/backup/远程管理/远程管理_2025-06-13 21.32.e	1438422	1749821325
iDraw/eTools/backup/远程管理/远程管理_2025-06-13 22.17.e	1438493	1749824226
iDraw/eTools/backup/远程管理/远程管理_2025-06-13 22.21.47.e	1438499	1749824295
iDraw/eTools/backup/远程管理/远程管理_2025-06-13 22.31.e	1438256	1749825061
iDraw/eTools/backup/远程管理/远程管理_2025-08-02 16.01.16.e	1442093	1754121674
iDraw/eTools/backup/远程管理/远程管理_2025-10-01 22.09.03.e	1440400	1759327705
iDraw/eTools/backup/远程管理/远程管理_2025-10-01 22.17.56.e	1440338	1759328248
iDraw/eTools/backup/远程管理/远程管理_2025-11-23 20.58.52.e	1469112	1763902726
iDraw/eTools/backup/远程管理/远程管理_2025-11-23 21.10.e	1469552	1763903267
iDraw/eTools/backup/远程管理/远程管理_2026-03-13 18.36.07.e	1652616	1773398161
iDraw/eTools/backup/邀请机器人进群/邀请机器人进群_2025-05-22 20.50.39.e	1086046	1747917797
iDraw/eTools/backup/酷Q开发空壳/酷Q开发空壳_2025-04-10 19.19.05.e	901316	1626493978
iDraw/eTools/backup/铃铛AI对话/铃铛AI对话_2026-04-02 22.43.e	225064	1660132160
iDraw/eTools/backup/铃铛AI对话/铃铛AI对话_2026-04-02 22.48.e	231001	1775141144
iDraw/eTools/backup/铃铛AI对话/铃铛AI对话_2026-04-02 23.08.e	231212	1775142482
iDraw/eTools/backup/铃铛AI对话/铃铛AI对话_2026-04-02 23.13.e	231476	1775142614
iDraw/eTools/backup/铃铛AI对话/铃铛AI对话_2026-04-02 23.18.e	231461	1775143085
iDraw/eTools/backup/铃铛AI对话/铃铛AI对话_2026-04-03 00.43.e	231461	1775148194
iDraw/eTools/backup/铃铛AI对话/铃铛AI对话_2026-04-03 10.53.e	231461	1775184554
iDraw/eTools/backup/铃铛易语言5.92破解版一键安装/铃铛易语言5.92破解版一键安装_2026-03-05 12.38.e	1879	1772685320
iDraw/eTools/backup/铃铛易语言5.92破解版一键安装/铃铛易语言5.92破解版一键安装_2026-03-05 12.43.e	979874	1772685808
iDraw/eTools/backup/铃铛易语言5.92破解版一键安装/铃铛易语言5.92破解版一键安装_2026-03-05 12.48.e	980415	1772685988
iDraw/eTools/backup/铃铛易语言5.92破解版一键安装/铃铛易语言5.92破解版一键安装_2026-03-05 12.53.e	980835	1772686408
iDraw/eTools/backup/铃铛易语言5.92破解版一键安装/铃铛易语言5.92破解版一键安装_2026-03-05 12.58.e	1026556	1772686708
iDraw/eTools/backup/铃铛易语言5.92破解版一键安装/铃铛易语言5.92破解版一键安装_2026-03-05 13.03.e	986839	1772687002
iDraw/eTools/backup/铃铛易语言5.92破解版一键安装/铃铛易语言5.92破解版一键安装_2026-03-05 13.08.e	987074	1772687308
iDraw/eTools/backup/铃铛易语言5.92破解版一键安装/铃铛易语言5.92破解版一键安装_2026-03-05 13.09.54.e	987074	1772687387
iDraw/eTools/backup/铃铛易语言5.92破解版一键安装/铃铛易语言5.92破解版一键安装_2026-03-05 13.13.05.e	981769	1772687574
iDraw/eTools/backup/铃铛易语言5.92破解版一键安装/铃铛易语言5.92破解版一键安装_2026-03-15 15.36.56.e	981951	1773560211
iDraw/eTools/backup/铃铛易语言5.92破解版一键安装/铃铛易语言5.92破解版一键安装_2026-03-15 15.48.e	982341	1773560911
iDraw/eTools/backup/铃铛易语言5.92破解版一键安装/铃铛易语言5.92破解版一键安装_2026-03-15 15.51.35.e	982328	1773561089
iDraw/eTools/backup/铃铛签到/铃铛签到_2026-03-09 20.27.e	1376470	1773059139
iDraw/eTools/backup/铃铛签到/铃铛签到_2026-03-09 20.32.e	1376470	1773059336
iDraw/eTools/backup/铃铛签到/铃铛签到_2026-03-09 20.37.e	1376302	1773059774
iDraw/eTools/backup/铃铛签到/铃铛签到_2026-03-09 20.42.e	1376311	1773059881
iDraw/eTools/backup/铃铛签到/铃铛签到_2026-03-09 20.47.e	1376311	1773060241
iDraw/eTools/backup/铃铛签到/铃铛签到_2026-03-10 14.36.e	1376705	1773124567
iDraw/eTools/backup/铃铛签到/铃铛签到_2026-03-10 15.06.e	1376701	1773126099
iDraw/eTools/backup/键盘原神/键盘原神_2025-06-14 18.27.46.e	5026584	1689953595
iDraw/eTools/backup/雾扰/雾扰_2025-05-01 09.56.e	1500447	1746064299
iDraw/eTools/backup/静态编译转换器/静态编译转换器_2025-04-20 06.45.13.e	9294	1325148467
iDraw/eTools/backup/项目/项目_2026-09-21 10.47.21.e	136681	1789958837
iDraw/eTools/backup/项目/项目_2026-09-21 10.51.55.e	1113393	1789959105
iDraw/eTools/backup/高仿大漠参赛源码/高仿大漠参赛源码_2025-08-04 13.57.26.e	381567	1754287003
iDraw/eTools/backup/高仿大漠参赛源码/高仿大漠参赛源码_2025-08-04 13.59.15.e	380813	1754287150
iDraw/eTools/backup/高仿大漠参赛源码/高仿大漠参赛源码_2025-08-05 15.40.57.e	377373	1754379655
iDraw/eTools/backup/高仿大漠参赛源码/高仿大漠参赛源码_2025-08-05 15.46.40.e	381567	1754287003
iDraw/eTools/backup/高仿大漠参赛源码/高仿大漠参赛源码_2025-08-05 15.56.e	377399	1754380335
iDraw/eTools/backup/高仿大漠参赛源码/高仿大漠参赛源码_2025-08-06 10.54.00.e	377398	1754448838
iDraw/eTools/backup/鱼刺.HWA客户端.中级S/鱼刺.HWA客户端.中级S_2026-02-26 14.30.47.e	957121	1772087412
iDraw/eTools/backup/鹿管助手/鹿管助手_2025-11-29 21.09.e	1241525	1764421723
iDraw/eTools/backup/鹿管助手/鹿管助手_2025-11-29 21.14.e	1625810	1764422025
iDraw/eTools/backup/鹿管助手/鹿管助手_2025-11-29 21.19.e	1625882	1764422292
iDraw/eTools/backup/鹿管助手/鹿管助手_2025-11-29 21.24.e	1625983	1764422589
iDraw/eTools/backup/鹿管助手/鹿管助手_2025-11-29 21.29.e	1625490	1764422888
iDraw/eTools/backup/鹿管助手/鹿管助手_2025-11-29 21.34.e	1625540	1764423246
iDraw/eTools/backup/鹿管助手/鹿管助手_2025-11-29 21.39.e	1625623	1764423480
iDraw/eTools/backup/鹿管助手/鹿管助手_2025-11-29 21.44.e	1625665	1764423699
iDraw/eTools/backup/鹿管助手/鹿管助手_2025-11-29 21.49.e	1637517	1764424033
iDraw/eTools/backup/鹿管助手/鹿管助手_2025-11-29 21.54.e	1637541	1764424297
iDraw/eTools/backup/鹿管助手/鹿管助手_2025-11-29 22.41.e	1635207	1764427289
iDraw/eTools/backup/鹿管助手/鹿管助手_2025-11-29 22.46.e	1635180	1764427512
iDraw/eTools/backup/鹿管助手/鹿管助手_2025-12-19 12.17.49.e	1634872	1766117866
iDraw/eTools/backup/鹿管助手/鹿管助手_2026-08-15 22.56.16.e	1835666	1786805767
iDraw/eTools/backup/鹿管助手/鹿管助手_2026-09-10 21.11.47.e	1692962	1789045900
iDraw/eTools/backup/鹿管助手/鹿管助手_2026-09-10 21.19.e	1693260	1789046173
iDraw/eTools/backup/鹿管助手/鹿管助手_2026-09-10 21.24.e	1693257	1789046365
iDraw/eTools/debug.log	0	1745102416
iDraw/eTools/linklib/eFrame.dll	190976	1633772810
iDraw/eTools/linklib/gzip.dll	30208	1623901664
iDraw/eTools/linklib/msvcp110.dll	535008	1623901664
iDraw/eTools/linklib/msvcr110.dll	875472	1623901665
iDraw/eTools/linklib/node.dll	23470080	1633772325
iDraw/eTools/linklib/sqlite3_2401.dll	1199616	1623901698
iDraw/eTools/linklib/sqlite3_3.8.7.2.dll	665719	1623901698
iDraw/eTools/函数关联管理器.exe	485376	1678161336
iDraw/iConfig.dll	183296	1727953510
iDraw/iControls.dll	667136	1727953518
iDraw/iEvent.dll	98304	1727953503
iDraw/iResource.dll	255488	1727953512
iDraw/iTheme.dll	108544	1727953511
iDraw/iWindowSize.dll	165888	1727953508
iDraw/plugin/iDraw_Background.dll	1720320	1640770920
iDraw/plugin/iDraw_Color.dll	614400	1640853266
iDraw/plugin/iDraw_LineCode.dll	159232	1717389583
iDraw/plugin/iDraw_工具箱.dll	1114112	1640590731
iDraw/plugin/iDraw_配色调整.dll	999424	1627906485
iDraw/plugin/缓存.jpg	250054	1783006715
iDraw/superTools.dll	201216	1653012960
iDraw/superTools/config/MessageBlocker.ini	124	1745101852
iDraw/superTools/config/Plugin_eFix.ini	130	1739190751
iDraw/superTools/config/eOutPutControl.ini	262	1739185744
iDraw/superTools/config/说明.txt	85	1625909481
iDraw/superTools/plugin/MessageBlocker.dll	868352	1651566090
iDraw/superTools/plugin/Plugin_eFix.dll	872448	1651651735
iDraw/superTools/plugin/SciLexer.dll	599040	1623901722
iDraw/superTools/plugin/bianma.dll	90112	1625533088
iDraw/superTools/plugin/eOutPutControl.dll	158208	1653039243
iDraw/tongji.dll	155648	1623901655
iDraw/up.exe	486400	1678161201
iconv.fne	950272	1275273218
iext.fne	282624	1338450452
iext.fnr	208896	1338450482
iext/samples/工具及状态条.e	13863	1210646408
iext/samples/超级列表框演示.e	8341	1210646408
iext2.fne	503808	1275273218
iext2/samples/AVI播放器.e	21555	1210646408
iext2/samples/《易语言动画支持库教程》.doc	863232	1210646410
iext2/samples/分隔条演示.e	4647	1210646410
iext2/samples/动画滑块条.e	27450	1210646410
iext2/samples/动画进度条.e	8433	1210646410
iext2/samples/单人乒乓01.e	6722	1210646410
iext2/samples/单人乒乓02.e	6933	1210646410
iext2/samples/单人乒乓03.e	10368	1210646410
iext2/samples/单人乒乓04.e	11550	1210646410
iext2/samples/单张.gif	2172	1210646410
iext2/samples/可执行文件浏览器.e	6068	1210646410
iext2/samples/大炮打飞机-曲线版.e	166005	1210646410
iext2/samples/大炮打飞机.e	165080	1210646410
iext2/samples/宽度与高度.e	14352	1210646410
iext2/samples/底线.gif	165	1210646410
iext2/samples/打靶.e	164786	1210646412
iext2/samples/文档转换.e	3177	1210646412
iext2/samples/球拍.gif	121	1210646412
iext2/samples/超级按钮.e	40779	1210646412
iext2/samples/迷宫-简单版.e	7264	1210646412
iext2/samples/透明按钮.e	41241	1210646412
iext3.fne	393216	1307532156
iext3/samples/readme.txt	688	1210646412
iext3/samples/卷帘式菜单.E	329625	1210646412
iext3/samples/菜单底图效果.e	234982	1210646412
iext3/samples/高级选择夹.E	132518	1210646412
iext5.fne	331776	1275273218
iext5/samples/SimpleHTML.doc	432636	1251796288
iext5/samples/汽球提示框.e	465414	1210646412
iext5/samples/汽球提示框.lst	16	1210646412
iext6.fne	237568	1275273218
internet.fne	192512	1275273218
internet/samples/下载HTTP文件.e	4184	1210646414
internet/samples/拨号上网.e	6278	1210646414
internet/samples/易之FTP.e	26496	1210646414
internet/samples/易邮件发送器.e	9377	1210646414
isapi.fne	143360	1338259784
isapi/samples/互联网服务.e	7807	1210646414
isapi/samples/互联网服务.edb	332	1210646414
isapi/samples/互联网服务.lst	14	1210646414
isapi/samples/获取会话.e	3554	1210646414
isapi/samples/获取存根.e	3081	1210646414
isapi/samples/设置会话.e	3040	1210646414
isapi/samples/设置存根.e	3205	1210646414
jedi.fne	1034240	1275273216
jedi/samples/字体选择框.e	9676	1212032090
jedi/samples/带按钮编辑框,目录编辑框,文件名编辑框例程.e	4084	1211944166
jedi/samples/每日一贴.e	2215	1211935542
jedi/samples/每日一贴.txt	2338	1211512890
jedi/samples/鼠标手势框.e	44385	1211871762
krnln.fne	1671168	1693463324
krnln.fnr	1294336	1693463284
krnln/samples/ACCESS数据库备注及二进制字段读写.e	4046	1210646414
krnln/samples/MSAccess.mdb	184320	1210646416
krnln/samples/base.grd	4558	1210646414
krnln/samples/mp3播放者.e	9411	1210646414
krnln/samples/people.edb	593	1210646416
krnln/samples/people.edt	8704	1210646416
krnln/samples/testecom.e	2281	1210646416
krnln/samples/一步一步跟我学写易程序一.doc	152576	1210646416
krnln/samples/一步一步跟我学写易程序一.e	3605	1210646416
krnln/samples/一步一步跟我学写易程序一.lst	56	1210646416
krnln/samples/一步一步跟我学写易程序二.doc	26624	1210646416
krnln/samples/一步一步跟我学写易程序二.e	4496	1210646416
krnln/samples/一步一步跟我学写易程序二.lst	80	1210646416
krnln/samples/位操作类命令.e	3654	1210646416
krnln/samples/体育.edb	722	1210646416
krnln/samples/体育.edt	4608	1210646416
krnln/samples/俄罗斯方块.e	103284	1210646416
krnln/samples/全面操作Access数据库.e	41021	1210646418
krnln/samples/全面操作Access数据库.lst	14	1210646418
krnln/samples/加解密工具.e	8024	1210646418
krnln/samples/动态显示单元群.e	5589	1210646418
krnln/samples/化学.edb	722	1210646418
krnln/samples/化学.edt	4608	1210646418
krnln/samples/历史.edb	722	1210646418
krnln/samples/历史.edt	4608	1210646418
krnln/samples/变量操作命令.e	2780	1210646418
krnln/samples/图形按钮.e	25015	1210646418
krnln/samples/在易语言中调用DLL使用说明.doc	182272	1210646418
krnln/samples/地理.edb	722	1210646420
krnln/samples/地理.edt	4608	1210646420
krnln/samples/好友录.e	28774	1210646420
krnln/samples/学生.edb	1367	1210646420
krnln/samples/学生.edt	52736	1210646420
krnln/samples/学生情况.edb	274	1210646420
krnln/samples/学生情况.edt	1024	1210646420
krnln/samples/学生管理系统.e	24734	1210646420
krnln/samples/学生管理系统.lst	274	1210646420
krnln/samples/客户机测试.e	3496	1210646420
krnln/samples/密码.edb	284	1210646420
krnln/samples/寻找组件.e	5493	1222331344
krnln/samples/托盘图标.e	8357	1210646420
krnln/samples/拼音类命令.e	6614	1210646420
krnln/samples/政治.edb	722	1210646420
krnln/samples/政治.edt	4608	1210646420
krnln/samples/数学.edb	722	1210646420
krnln/samples/数学.edt	4608	1210646422
krnln/samples/数据报.e	5669	1210646422
krnln/samples/数据绑定.e	11621	1210646422
krnln/samples/数据绑定.lst	22	1210646422
krnln/samples/数组类命令.e	4761	1210646422
krnln/samples/文本操作命令.e	5635	1210646422
krnln/samples/新年好.e	42264	1210646422
krnln/samples/易语言手册例程.e	19306	1210646422
krnln/samples/服务器测试.e	2211	1210646422
krnln/samples/查看图片.e	3922	1210646422
krnln/samples/欢迎.e	48310	1210646422
krnln/samples/流程类命令.e	6107	1210646422
krnln/samples/爆炸.e	1758	1210646422
krnln/samples/物理.edb	722	1210646422
krnln/samples/物理.edt	4608	1210646422
krnln/samples/环境类命令.e	3605	1210646422
krnln/samples/生物.edb	722	1210646424
krnln/samples/生物.edt	4608	1210646424
krnln/samples/端口通讯.E	3965	1210646424
krnln/samples/第一个程序.e	2163	1210646424
krnln/samples/算术类命令.e	7556	1210646424
krnln/samples/系统日志.edb	282	1210646424
krnln/samples/绘画.e	6062	1210646424
krnln/samples/聊天室客户.e	4349	1210646424
krnln/samples/聊天室服务器.e	3679	1210646424
krnln/samples/脸.e	16601	1210646424
krnln/samples/英文.edb	722	1210646424
krnln/samples/英文.edt	4608	1210646424
krnln/samples/计算.e	11587	1210646424
krnln/samples/计算机.edb	722	1210646426
krnln/samples/计算机.edt	4608	1210646426
krnln/samples/记事本.e	24118	1210646426
krnln/samples/语文.edb	722	1210646426
krnln/samples/语文.edt	4608	1210646426
krnln/samples/调用API.e	12601	1210646426
krnln/samples/调用API.lst	31	1210646426
krnln/samples/调用易模块.e	2183	1210646426
krnln/samples/软件注册.e	5608	1210646426
krnln/samples/速度密码.e	5786	1210646426
krnln/samples/逻辑类命令.e	5729	1210646426
krnln/samples/音乐.edb	722	1210646426
krnln/samples/音乐.edt	4608	1210646426
krnln/samples/飞扬.e	23644	1210646426
mp3.run	188416	1492829164
mysql.fne	966656	1275273216
mysql/samples/MySql数据库例程.e	17539	1259563786
ncdx98.fne	507904	1602336067
ncdx98/samples/QQ飞车卡商城例子.e	812298	1541288176
ncdx98/samples/x64进程内存例子.e	772447	1541289974
ncdx98/samples/例子 .e	764920	1541288512
ncdx98/samples/植物大战僵尸例子.e	23911	1541288238
ncdx98/samples/遍历call.e	998190	1541288146
ocx.run	245760	1275273216
odbcdb.run	172032	1275273216
ogrelib.fne	770048	1275273216
ogrelib.fnr	602112	1275273216
ogrelib/samples/Data/016pierres.bmp	91220	1210646432
ogrelib/samples/Data/021pierres.bmp	91220	1210646434
ogrelib/samples/Data/GRYDIRT1.bmp	134672	1210646434
ogrelib/samples/Data/LIMESTO1.bmp	134672	1210646434
ogrelib/samples/Data/OLDWOOD.bmp	134672	1210646434
ogrelib/samples/Data/blusfera.x	46926	1210646434
ogrelib/samples/Data/curs.bmp	3126	1210646434
ogrelib/samples/Data/edificio1.X	71955	1210646434
ogrelib/samples/DirectX3D-三维对象.e	41189	1210646432
ogrelib/samples/DirectX3D例程1.e	2692	1210646432
ogrelib/samples/DirectX3D例程2.e	6204	1210646432
ogrelib/samples/DirectX3D例程3.e	7599	1210646432
ogrelib/samples/DirectX3D例程4.e	10744	1210646432
ogrelib/samples/DirectX3D例程5.e	11241	1210646432
ogrelib/samples/DirectX3D例程6.e	6559	1210646432
ogrelib/samples/Tut05_Textures.jpg	14893	1210646432
ogrelib/samples/banana.bmp	196662	1210646432
ogrelib/samples/tiger.bmp	66614	1210646432
ogrelib/samples/tiger.x	29453	1210646432
pop3.fne	167936	1275273216
pop3/samples/linux邮件查询.e	10066	1210646444
pop3/samples/邮件信息.EDT	512	1210646444
pop3/samples/邮件信息.edb	908	1210646444
pop3/samples/邮件查询.e	26561	1210646444
pop3/samples/邮件查询.lst	54	1210646444
pop3/samples/附件信息.EDT	512	1210646446
pop3/samples/附件信息.edb	620	1210646446
portio.fne	53248	1275273216
script.fne	167936	1275273216
shell.fne	61440	1275273216
shell/samples/关闭系统测试.e	3474	1210646446
shell/samples/功能全面演示.e	8829	1210646446
shellEx.fne	14848	1275273216
shellEx/samples/执行子程序.e	4305	1210646446
shellEx/samples/拖放树型框项目.e	16803	1216790388
shellEx/samples/热键.e	2657	1210646446
sock.fne	40960	1336798060
spec.fne	73728	1337222262
spec/samples/test-spec.e	20284	1210646446
sqlite3.fne	491520	1335342290
twain.fne	192512	1275273216
twain/samples/扫描仪.e	13616	1210646448
twain/samples/视频设备.e	23395	1210646448
vclbase.fne	893952	1275273216
vclbase/samples/GIF动画按钮.e	33813	1212029582
vclbase/samples/位图按钮.e	256748	1212027294
vclbase/samples/分隔条和对齐.e	3300	1211856872
vclbase/samples/单一实例.e	2774	1211865138
vclbase/samples/单一实例.exe	7680	1211863038
vclbase/samples/寻找文本对话框.e	6983	1212027074
vclbase/samples/打开图片文件对话框.e	2668	1212026884
vclbase/samples/掩码编辑框.e	4947	1212027272
vclbase/samples/滚动框.e	3249	1212027402
wmp9.npk	40024	1219377442
wmp9/samples/wmp9.e	127961	1210646448
xplib.fne	81920	1275273216
敬告.txt	104	1210646400
